x,y
92,392
90,392
92,391
91,391
90,391
92,390
90,390
89,390
93,389
92,389
89,389
93,388
89,388
93,387
89,387
94,386
89,386
94,385
89,385
94,384
89,384
95,383
94,383
89,383
95,382
89,382
95,381
89,381
96,380
89,380
96,379
89,379
297,378
295,378
96,378
88,378
297,377
296,377
295,377
96,377
88,377
298,376
297,376
295,376
97,376
88,376
298,375
295,375
294,375
97,375
89,375
35,375
34,375
33,375
32,375
298,374
294,374
97,374
89,374
36,374
35,374
32,374
299,373
294,373
97,373
89,373
37,373
36,373
31,373
299,372
294,372
97,372
88,372
38,372
37,372
31,372
299,371
294,371
98,371
88,371
39,371
38,371
31,371
300,370
293,370
98,370
88,370
40,370
39,370
31,370
300,369
293,369
98,369
88,369
41,369
40,369
31,369
300,368
293,368
98,368
88,368
42,368
41,368
32,368
301,367
293,367
98,367
88,367
43,367
42,367
32,367
301,366
293,366
98,366
88,366
44,366
43,366
33,366
32,366
301,365
293,365
98,365
88,365
44,365
33,365
301,364
293,364
99,364
87,364
45,364
44,364
33,364
301,363
292,363
99,363
87,363
46,363
45,363
33,363
302,362
292,362
99,362
87,362
46,362
33,362
302,361
292,361
99,361
87,361
47,361
46,361
33,361
302,360
292,360
99,360
87,360
47,360
33,360
302,359
292,359
99,359
87,359
48,359
47,359
33,359
302,358
292,358
99,358
87,358
48,358
33,358
302,357
292,357
99,357
87,357
49,357
48,357
33,357
303,356
291,356
99,356
87,356
50,356
49,356
33,356
303,355
291,355
99,355
87,355
86,355
50,355
34,355
303,354
291,354
99,354
86,354
85,354
51,354
50,354
34,354
303,353
291,353
99,353
85,353
84,353
52,353
51,353
34,353
303,352
291,352
99,352
84,352
52,352
34,352
303,351
291,351
99,351
84,351
53,351
52,351
34,351
303,350
290,350
99,350
83,350
54,350
53,350
34,350
304,349
290,349
99,349
83,349
54,349
34,349
304,348
290,348
99,348
83,348
55,348
54,348
34,348
304,347
290,347
99,347
83,347
55,347
35,347
304,346
290,346
99,346
82,346
56,346
55,346
35,346
304,345
289,345
99,345
82,345
56,345
35,345
304,344
289,344
99,344
82,344
57,344
56,344
35,344
304,343
289,343
99,343
82,343
57,343
35,343
304,342
289,342
99,342
82,342
58,342
57,342
35,342
304,341
289,341
99,341
82,341
58,341
35,341
304,340
289,340
99,340
82,340
59,340
58,340
36,340
304,339
288,339
98,339
82,339
59,339
36,339
304,338
288,338
98,338
82,338
60,338
59,338
36,338
304,337
288,337
98,337
82,337
60,337
36,337
304,336
288,336
98,336
82,336
61,336
60,336
37,336
304,335
288,335
98,335
82,335
61,335
37,335
304,334
288,334
98,334
82,334
62,334
61,334
37,334
304,333
288,333
98,333
82,333
62,333
38,333
304,332
287,332
98,332
82,332
63,332
62,332
38,332
304,331
287,331
98,331
82,331
63,331
38,331
304,330
287,330
98,330
82,330
64,330
63,330
39,330
304,329
287,329
97,329
82,329
64,329
39,329
304,328
287,328
97,328
82,328
65,328
64,328
40,328
304,327
287,327
97,327
82,327
65,327
40,327
304,326
287,326
167,326
97,326
81,326
66,326
65,326
41,326
40,326
304,325
287,325
170,325
169,325
168,325
166,325
165,325
164,325
97,325
81,325
66,325
41,325
304,324
287,324
172,324
171,324
170,324
164,324
163,324
96,324
81,324
67,324
66,324
42,324
41,324
304,323
287,323
173,323
172,323
163,323
96,323
81,323
67,323
43,323
42,323
304,322
286,322
258,322
257,322
256,322
255,322
173,322
163,322
162,322
96,322
81,322
68,322
67,322
43,322
456,321
455,321
454,321
453,321
304,321
286,321
259,321
258,321
255,321
254,321
174,321
173,321
162,321
95,321
81,321
69,321
68,321
44,321
43,321
456,320
453,320
452,320
304,320
286,320
260,320
259,320
254,320
175,320
174,320
162,320
95,320
81,320
69,320
44,320
456,319
452,319
451,319
304,319
286,319
261,319
260,319
253,319
175,319
162,319
95,319
81,319
70,319
69,319
45,319
44,319
456,318
451,318
450,318
304,318
286,318
263,318
262,318
261,318
253,318
176,318
175,318
162,318
94,318
80,318
70,318
46,318
45,318
456,317
450,317
449,317
304,317
286,317
264,317
263,317
253,317
177,317
176,317
162,317
94,317
80,317
71,317
70,317
46,317
456,316
449,316
448,316
304,316
286,316
265,316
264,316
254,316
177,316
162,316
93,316
80,316
71,316
47,316
46,316
456,315
447,315
446,315
445,315
444,315
443,315
442,315
303,315
286,315
266,315
265,315
254,315
178,315
177,315
162,315
93,315
79,315
71,315
48,315
47,315
456,314
442,314
441,314
440,314
303,314
287,314
267,314
266,314
254,314
178,314
162,314
93,314
92,314
79,314
72,314
49,314
48,314
456,313
440,313
439,313
303,313
287,313
268,313
267,313
254,313
179,313
178,313
162,313
92,313
79,313
72,313
50,313
49,313
456,312
439,312
303,312
287,312
268,312
254,312
180,312
179,312
162,312
92,312
91,312
78,312
72,312
50,312
456,311
439,311
438,311
303,311
287,311
269,311
268,311
254,311
181,311
180,311
162,311
91,311
90,311
78,311
73,311
51,311
50,311
455,310
438,310
437,310
303,310
287,310
270,310
269,310
255,310
182,310
181,310
162,310
90,310
77,310
74,310
73,310
53,310
52,310
51,310
455,309
437,309
436,309
303,309
287,309
271,309
270,309
255,309
182,309
162,309
90,309
89,309
77,309
74,309
54,309
53,309
455,308
436,308
343,308
342,308
341,308
302,308
287,308
272,308
271,308
255,308
183,308
182,308
162,308
89,308
88,308
77,308
75,308
74,308
55,308
54,308
454,307
436,307
435,307
343,307
341,307
340,307
302,307
287,307
272,307
255,307
184,307
183,307
169,307
162,307
88,307
77,307
75,307
74,307
57,307
56,307
55,307
454,306
435,306
344,306
340,306
302,306
287,306
273,306
272,306
255,306
184,306
170,306
169,306
162,306
88,306
87,306
77,306
75,306
59,306
58,306
57,306
454,305
435,305
434,305
344,305
340,305
339,305
302,305
287,305
274,305
273,305
256,305
185,305
184,305
170,305
162,305
87,305
86,305
77,305
75,305
62,305
61,305
60,305
454,304
434,304
344,304
339,304
302,304
287,304
274,304
256,304
186,304
185,304
170,304
162,304
86,304
77,304
75,304
64,304
63,304
454,303
434,303
433,303
344,303
339,303
338,303
301,303
287,303
275,303
274,303
256,303
186,303
171,303
162,303
86,303
85,303
77,303
75,303
67,303
66,303
65,303
454,302
433,302
432,302
344,302
338,302
337,302
301,302
287,302
275,302
256,302
187,302
186,302
171,302
162,302
85,302
84,302
69,302
68,302
454,301
432,301
343,301
337,301
301,301
287,301
276,301
275,301
256,301
187,301
171,301
162,301
84,301
83,301
72,301
71,301
70,301
454,300
432,300
431,300
343,300
337,300
336,300
301,300
287,300
277,300
276,300
256,300
188,300
187,300
172,300
162,300
83,300
82,300
73,300
72,300
453,299
431,299
343,299
336,299
335,299
301,299
287,299
277,299
257,299
188,299
172,299
162,299
82,299
73,299
453,298
431,298
343,298
335,298
334,298
300,298
287,298
278,298
277,298
257,298
189,298
188,298
172,298
162,298
81,298
73,298
453,297
430,297
343,297
334,297
333,297
300,297
287,297
279,297
278,297
257,297
190,297
189,297
173,297
162,297
81,297
80,297
79,297
74,297
524,296
523,296
522,296
521,296
453,296
430,296
343,296
333,296
300,296
287,296
279,296
257,296
190,296
173,296
162,296
79,296
78,296
74,296
525,295
524,295
521,295
453,295
430,295
342,295
333,295
332,295
300,295
287,295
280,295
279,295
258,295
190,295
174,295
173,295
162,295
78,295
74,295
526,294
525,294
520,294
453,294
429,294
342,294
332,294
331,294
300,294
287,294
280,294
258,294
191,294
174,294
162,294
78,294
74,294
527,293
526,293
520,293
452,293
429,293
342,293
331,293
330,293
299,293
294,293
292,293
291,293
288,293
281,293
280,293
258,293
191,293
174,293
162,293
78,293
74,293
528,292
527,292
520,292
452,292
429,292
342,292
330,292
329,292
299,292
294,292
291,292
288,292
282,292
281,292
258,292
192,292
175,292
162,292
129,292
128,292
127,292
126,292
78,292
75,292
528,291
520,291
452,291
428,291
342,291
329,291
328,291
299,291
294,291
291,291
288,291
282,291
259,291
192,291
176,291
162,291
130,291
129,291
126,291
125,291
78,291
75,291
529,290
528,290
520,290
451,290
428,290
341,290
328,290
327,290
299,290
294,290
293,290
291,290
288,290
282,290
259,290
192,290
176,290
162,290
130,290
125,290
79,290
75,290
529,289
520,289
451,289
428,289
341,289
327,289
326,289
299,289
293,289
291,289
288,289
283,289
282,289
259,289
193,289
176,289
162,289
130,289
125,289
124,289
79,289
75,289
530,288
529,288
520,288
451,288
450,288
427,288
341,288
326,288
325,288
298,288
293,288
291,288
288,288
283,288
259,288
193,288
177,288
162,288
130,288
124,288
123,288
79,288
75,288
530,287
520,287
450,287
427,287
341,287
325,287
324,287
298,287
293,287
288,287
284,287
283,287
259,287
193,287
177,287
163,287
130,287
123,287
122,287
79,287
75,287
531,286
530,286
520,286
450,286
427,286
341,286
324,286
298,286
292,286
288,286
284,286
259,286
194,286
178,286
177,286
163,286
130,286
122,286
121,286
79,286
76,286
531,285
520,285
449,285
427,285
340,285
324,285
323,285
322,285
321,285
298,285
289,285
285,285
284,285
260,285
194,285
178,285
163,285
130,285
121,285
120,285
79,285
76,285
531,284
520,284
449,284
427,284
340,284
321,284
320,284
298,284
289,284
285,284
260,284
194,284
179,284
178,284
163,284
130,284
120,284
119,284
79,284
76,284
532,283
520,283
449,283
426,283
391,283
390,283
389,283
388,283
387,283
386,283
340,283
320,283
319,283
297,283
289,283
286,283
285,283
260,283
194,283
179,283
164,283
130,283
119,283
118,283
79,283
76,283
533,282
532,282
520,282
449,282
426,282
393,282
392,282
386,282
385,282
340,282
319,282
318,282
297,282
289,282
286,282
261,282
194,282
179,282
164,282
130,282
118,282
80,282
76,282
533,281
521,281
449,281
426,281
395,281
394,281
393,281
385,281
384,281
340,281
318,281
317,281
297,281
290,281
286,281
261,281
195,281
180,281
165,281
130,281
118,281
117,281
80,281
76,281
533,280
521,280
448,280
426,280
396,280
395,280
384,280
339,280
317,280
297,280
290,280
287,280
261,280
195,280
180,280
165,280
130,280
117,280
116,280
115,280
80,280
76,280
534,279
533,279
521,279
448,279
425,279
397,279
396,279
384,279
339,279
316,279
296,279
290,279
287,279
262,279
195,279
181,279
180,279
165,279
130,279
115,279
114,279
80,279
76,279
580,278
578,278
534,278
521,278
448,278
425,278
399,278
398,278
397,278
384,278
339,278
316,278
315,278
296,278
290,278
288,278
287,278
262,278
195,278
182,278
181,278
177,278
166,278
130,278
114,278
113,278
80,278
77,278
580,277
579,277
578,277
534,277
521,277
448,277
425,277
400,277
399,277
383,277
339,277
315,277
296,277
291,277
288,277
263,277
262,277
195,277
181,277
177,277
175,277
166,277
130,277
113,277
112,277
111,277
80,277
77,277
580,276
578,276
577,276
535,276
521,276
448,276
425,276
402,276
401,276
400,276
383,276
338,276
315,276
314,276
296,276
291,276
288,276
263,276
195,276
180,276
177,276
176,276
175,276
167,276
166,276
129,276
111,276
110,276
80,276
77,276
581,275
577,275
576,275
535,275
521,275
448,275
425,275
403,275
402,275
384,275
338,275
314,275
296,275
291,275
289,275
288,275
264,275
263,275
196,275
180,275
179,275
178,275
177,275
174,275
173,275
167,275
129,275
110,275
109,275
108,275
80,275
77,275
581,274
576,274
535,274
522,274
447,274
425,274
404,274
403,274
384,274
338,274
314,274
313,274
295,274
291,274
289,274
264,274
196,274
173,274
167,274
129,274
108,274
107,274
80,274
77,274
581,273
576,273
575,273
536,273
522,273
447,273
424,273
405,273
404,273
384,273
338,273
313,273
295,273
290,273
289,273
265,273
264,273
196,273
173,273
171,273
168,273
129,273
107,273
106,273
80,273
77,273
581,272
575,272
536,272
522,272
447,272
424,272
405,272
383,272
337,272
313,272
295,272
291,272
290,272
266,272
265,272
196,272
172,272
168,272
129,272
106,272
105,272
81,272
77,272
581,271
575,271
574,271
536,271
522,271
447,271
424,271
406,271
405,271
383,271
337,271
312,271
295,271
267,271
266,271
196,271
168,271
129,271
105,271
104,271
81,271
77,271
581,270
574,270
573,270
537,270
522,270
447,270
424,270
407,270
406,270
383,270
337,270
312,270
294,270
267,270
196,270
177,270
176,270
175,270
174,270
173,270
169,270
129,270
104,270
103,270
81,270
77,270
580,269
573,269
537,269
522,269
446,269
424,269
407,269
383,269
337,269
311,269
294,269
268,269
267,269
196,269
178,269
177,269
174,269
169,269
129,269
103,269
102,269
81,269
77,269
580,268
573,268
572,268
538,268
537,268
522,268
446,268
424,268
408,268
407,268
383,268
336,268
311,268
294,268
268,268
196,268
179,268
178,268
174,268
173,268
169,268
129,268
102,268
81,268
77,268
580,267
572,267
571,267
538,267
522,267
446,267
424,267
409,267
408,267
383,267
336,267
311,267
294,267
269,267
268,267
197,267
180,267
179,267
176,267
175,267
174,267
170,267
129,267
102,267
101,267
81,267
78,267
580,266
571,266
539,266
538,266
522,266
446,266
424,266
409,266
383,266
336,266
310,266
295,266
292,266
291,266
270,266
269,266
197,266
180,266
178,266
170,266
128,266
101,266
100,266
81,266
78,266
580,265
571,265
570,265
539,265
522,265
446,265
424,265
410,265
409,265
383,265
336,265
310,265
295,265
290,265
271,265
270,265
197,265
180,265
177,265
171,265
170,265
128,265
100,265
81,265
78,265
579,264
570,264
569,264
540,264
539,264
522,264
446,264
424,264
411,264
410,264
383,264
335,264
310,264
295,264
292,264
290,264
289,264
272,264
271,264
197,264
180,264
178,264
173,264
172,264
171,264
128,264
100,264
99,264
82,264
78,264
579,263
569,263
568,263
540,263
522,263
445,263
424,263
411,263
383,263
335,263
309,263
296,263
292,263
289,263
288,263
273,263
272,263
197,263
180,263
178,263
175,263
174,263
128,263
99,263
98,263
82,263
78,263
579,262
568,262
567,262
541,262
540,262
522,262
445,262
424,262
412,262
411,262
383,262
335,262
309,262
296,262
292,262
288,262
287,262
286,262
274,262
273,262
198,262
180,262
179,262
175,262
127,262
98,262
97,262
82,262
78,262
578,261
567,261
542,261
541,261
522,261
445,261
424,261
413,261
412,261
383,261
335,261
309,261
296,261
292,261
286,261
285,261
275,261
274,261
198,261
176,261
163,261
127,261
97,261
82,261
78,261
578,260
567,260
566,260
542,260
522,260
445,260
424,260
414,260
413,260
383,260
335,260
308,260
296,260
293,260
284,260
283,260
282,260
281,260
280,260
279,260
278,260
277,260
276,260
275,260
198,260
176,260
164,260
163,260
162,260
161,260
160,260
127,260
97,260
96,260
82,260
78,260
578,259
566,259
565,259
542,259
522,259
445,259
424,259
414,259
384,259
334,259
308,259
297,259
293,259
198,259
176,259
164,259
160,259
159,259
126,259
96,259
95,259
82,259
78,259
577,258
565,258
542,258
522,258
444,258
424,258
414,258
384,258
334,258
308,258
297,258
293,258
198,258
176,258
165,258
159,258
126,258
125,258
95,258
82,258
78,258
577,257
565,257
564,257
542,257
522,257
444,257
424,257
415,257
414,257
384,257
334,257
308,257
297,257
293,257
198,257
176,257
166,257
165,257
159,257
125,257
95,257
94,257
82,257
78,257
577,256
564,256
563,256
552,256
543,256
522,256
444,256
424,256
415,256
384,256
333,256
308,256
297,256
294,256
198,256
176,256
166,256
158,256
125,256
124,256
94,256
82,256
78,256
577,255
563,255
562,255
551,255
543,255
522,255
443,255
424,255
415,255
384,255
333,255
308,255
297,255
294,255
285,255
284,255
283,255
282,255
281,255
280,255
279,255
198,255
176,255
167,255
166,255
158,255
124,255
94,255
82,255
78,255
576,254
562,254
561,254
560,254
552,254
551,254
542,254
523,254
443,254
424,254
416,254
384,254
333,254
307,254
298,254
294,254
286,254
285,254
278,254
277,254
276,254
199,254
177,254
167,254
158,254
124,254
123,254
94,254
93,254
82,254
78,254
576,253
560,253
559,253
552,253
551,253
542,253
523,253
443,253
424,253
416,253
385,253
332,253
307,253
298,253
294,253
287,253
286,253
276,253
275,253
199,253
177,253
168,253
167,253
158,253
123,253
93,253
83,253
79,253
576,252
559,252
558,252
552,252
551,252
542,252
523,252
442,252
424,252
417,252
385,252
332,252
307,252
298,252
294,252
287,252
275,252
274,252
199,252
177,252
168,252
158,252
123,252
122,252
93,252
83,252
79,252
74,252
73,252
575,251
558,251
557,251
551,251
550,251
542,251
523,251
442,251
424,251
417,251
385,251
332,251
307,251
298,251
295,251
288,251
287,251
274,251
273,251
215,251
214,251
199,251
178,251
169,251
168,251
158,251
122,251
121,251
92,251
83,251
79,251
74,251
72,251
575,250
557,250
556,250
550,250
542,250
523,250
442,250
424,250
417,250
386,250
331,250
306,250
298,250
295,250
289,250
288,250
273,250
272,250
217,250
216,250
214,250
213,250
200,250
178,250
169,250
158,250
121,250
92,250
83,250
79,250
75,250
74,250
72,250
71,250
575,249
556,249
550,249
542,249
523,249
441,249
424,249
418,249
386,249
331,249
306,249
299,249
295,249
290,249
289,249
272,249
271,249
270,249
269,249
217,249
213,249
200,249
179,249
178,249
170,249
169,249
158,249
121,249
120,249
92,249
83,249
79,249
76,249
75,249
71,249
574,248
555,248
550,248
542,248
523,248
441,248
424,248
418,248
386,248
383,248
382,248
381,248
380,248
331,248
306,248
299,248
295,248
290,248
268,248
267,248
266,248
265,248
217,248
213,248
212,248
200,248
179,248
170,248
158,248
120,248
119,248
91,248
83,248
80,248
76,248
71,248
574,247
555,247
554,247
549,247
542,247
523,247
441,247
424,247
418,247
387,247
384,247
383,247
380,247
330,247
306,247
299,247
295,247
291,247
290,247
265,247
264,247
263,247
262,247
261,247
260,247
216,247
212,247
211,247
200,247
180,247
179,247
170,247
158,247
119,247
118,247
91,247
83,247
80,247
77,247
76,247
70,247
574,246
554,246
549,246
542,246
524,246
440,246
424,246
419,246
387,246
386,246
384,246
380,246
330,246
306,246
299,246
296,246
291,246
259,246
258,246
257,246
256,246
216,246
211,246
210,246
200,246
180,246
171,246
170,246
158,246
118,246
117,246
91,246
83,246
80,246
77,246
70,246
573,245
554,245
553,245
549,245
542,245
524,245
440,245
425,245
419,245
388,245
380,245
329,245
306,245
299,245
296,245
291,245
256,245
255,245
216,245
210,245
200,245
181,245
180,245
171,245
157,245
117,245
116,245
90,245
84,245
80,245
78,245
77,245
70,245
573,244
553,244
548,244
542,244
524,244
439,244
425,244
420,244
388,244
385,244
379,244
329,244
306,244
300,244
296,244
292,244
255,244
254,244
216,244
210,244
209,244
200,244
181,244
172,244
157,244
116,244
90,244
84,244
80,244
78,244
69,244
573,243
553,243
548,243
542,243
524,243
439,243
425,243
420,243
388,243
385,243
379,243
329,243
328,243
306,243
300,243
296,243
292,243
254,243
253,243
216,243
209,243
200,243
182,243
181,243
172,243
157,243
116,243
115,243
89,243
84,243
80,243
78,243
69,243
572,242
552,242
548,242
542,242
524,242
439,242
438,242
425,242
420,242
389,242
379,242
328,242
306,242
300,242
296,242
292,242
253,242
216,242
209,242
208,242
200,242
183,242
182,242
172,242
157,242
115,242
114,242
89,242
84,242
81,242
79,242
78,242
69,242
68,242
572,241
552,241
548,241
542,241
524,241
438,241
425,241
421,241
389,241
379,241
328,241
327,241
306,241
300,241
297,241
293,241
253,241
216,241
208,241
200,241
183,241
173,241
156,241
114,241
113,241
89,241
84,241
79,241
68,241
572,240
552,240
551,240
547,240
542,240
524,240
438,240
425,240
421,240
390,240
379,240
327,240
306,240
300,240
297,240
293,240
253,240
216,240
208,240
207,240
200,240
184,240
183,240
173,240
156,240
113,240
112,240
88,240
84,240
79,240
68,240
67,240
571,239
551,239
547,239
542,239
524,239
437,239
425,239
421,239
390,239
379,239
327,239
326,239
305,239
300,239
297,239
294,239
293,239
253,239
216,239
207,239
201,239
184,239
173,239
156,239
112,239
88,239
84,239
67,239
66,239
571,238
551,238
547,238
542,238
525,238
437,238
425,238
421,238
390,238
379,238
326,238
305,238
301,238
297,238
294,238
253,238
216,238
207,238
206,238
201,238
185,238
184,238
173,238
156,238
112,238
111,238
110,238
88,238
84,238
66,238
571,237
550,237
542,237
525,237
437,237
436,237
425,237
422,237
391,237
379,237
326,237
325,237
305,237
301,237
298,237
295,237
294,237
253,237
216,237
206,237
201,237
186,237
185,237
174,237
173,237
156,237
110,237
109,237
88,237
84,237
66,237
65,237
570,236
550,236
542,236
525,236
436,236
425,236
422,236
392,236
391,236
379,236
325,236
305,236
301,236
298,236
295,236
253,236
216,236
206,236
201,236
186,236
174,236
156,236
109,236
108,236
88,236
84,236
65,236
64,236
570,235
550,235
542,235
526,235
436,235
425,235
422,235
393,235
392,235
380,235
325,235
324,235
305,235
301,235
298,235
295,235
254,235
216,235
205,235
201,235
187,235
186,235
175,235
174,235
156,235
108,235
107,235
87,235
84,235
64,235
570,234
549,234
542,234
526,234
435,234
425,234
422,234
394,234
393,234
380,234
324,234
323,234
305,234
301,234
298,234
296,234
295,234
254,234
216,234
205,234
201,234
188,234
187,234
175,234
156,234
107,234
106,234
87,234
84,234
65,234
569,233
549,233
542,233
526,233
435,233
426,233
423,233
395,233
394,233
380,233
323,233
305,233
301,233
299,233
296,233
255,233
254,233
216,233
205,233
201,233
188,233
175,233
156,233
106,233
105,233
87,233
85,233
84,233
66,233
65,233
569,232
548,232
542,232
526,232
435,232
426,232
423,232
396,232
395,232
380,232
323,232
322,232
305,232
302,232
299,232
297,232
296,232
255,232
216,232
204,232
201,232
189,232
188,232
176,232
156,232
105,232
104,232
103,232
87,232
86,232
84,232
69,232
68,232
67,232
568,231
548,231
542,231
527,231
434,231
426,231
423,231
397,231
396,231
380,231
322,231
321,231
305,231
302,231
299,231
297,231
256,231
255,231
216,231
204,231
201,231
190,231
189,231
176,231
156,231
103,231
102,231
86,231
75,231
74,231
73,231
72,231
71,231
70,231
568,230
547,230
542,230
527,230
434,230
426,230
423,230
399,230
398,230
380,230
321,230
320,230
305,230
302,230
297,230
257,230
256,230
216,230
204,230
203,230
201,230
191,230
190,230
177,230
176,230
156,230
102,230
101,230
86,230
78,230
77,230
76,230
568,229
547,229
542,229
527,229
434,229
433,229
426,229
423,229
400,229
399,229
380,229
320,229
305,229
302,229
298,229
297,229
257,229
217,229
203,229
200,229
192,229
191,229
177,229
156,229
101,229
100,229
99,229
86,229
85,229
81,229
80,229
79,229
567,228
547,228
542,228
527,228
433,228
426,228
401,228
400,228
398,228
381,228
320,228
319,228
305,228
302,228
298,228
258,228
257,228
217,228
203,228
201,228
200,228
192,228
178,228
177,228
156,228
99,228
98,228
85,228
81,228
567,227
547,227
542,227
528,227
433,227
432,227
402,227
401,227
398,227
381,227
319,227
318,227
305,227
302,227
298,227
282,227
281,227
259,227
258,227
217,227
203,227
201,227
200,227
193,227
192,227
178,227
156,227
98,227
97,227
96,227
81,227
567,226
546,226
542,226
528,226
432,226
402,226
398,226
381,226
318,226
305,226
302,226
299,226
283,226
282,226
260,226
259,226
218,226
203,226
200,226
194,226
193,226
179,226
178,226
156,226
96,226
95,226
94,226
81,226
567,225
546,225
542,225
528,225
432,225
431,225
402,225
397,225
381,225
318,225
317,225
305,225
302,225
299,225
284,225
283,225
260,225
218,225
194,225
179,225
156,225
94,225
93,225
92,225
82,225
566,224
546,224
542,224
529,224
431,224
430,224
403,224
402,224
397,224
381,224
317,224
316,224
305,224
302,224
300,224
299,224
286,224
285,224
261,224
260,224
218,224
195,224
194,224
179,224
156,224
92,224
91,224
82,224
566,223
546,223
542,223
530,223
529,223
430,223
403,223
398,223
382,223
316,223
315,223
305,223
302,223
300,223
289,223
288,223
287,223
262,223
261,223
218,223
196,223
195,223
180,223
156,223
91,223
90,223
82,223
566,222
565,222
546,222
542,222
530,222
430,222
429,222
404,222
403,222
398,222
382,222
315,222
305,222
302,222
300,222
290,222
289,222
262,222
218,222
197,222
196,222
180,222
156,222
90,222
89,222
82,222
565,221
564,221
545,221
542,221
530,221
429,221
404,221
398,221
382,221
315,221
314,221
305,221
302,221
292,221
291,221
290,221
263,221
262,221
218,221
197,221
181,221
156,221
89,221
88,221
82,221
564,220
545,220
542,220
531,220
429,220
405,220
404,220
399,220
382,220
314,220
313,220
305,220
302,220
293,220
292,220
264,220
263,220
218,220
198,220
197,220
181,220
156,220
88,220
87,220
82,220
37,220
36,220
35,220
34,220
33,220
32,220
31,220
564,219
563,219
545,219
542,219
531,219
428,219
406,219
405,219
399,219
382,219
313,219
312,219
305,219
303,219
302,219
295,219
294,219
265,219
264,219
218,219
217,219
200,219
198,219
181,219
156,219
87,219
82,219
40,219
39,219
38,219
31,219
30,219
563,218
562,218
545,218
542,218
531,218
428,218
424,218
423,218
422,218
421,218
406,218
400,218
383,218
312,218
302,218
297,218
296,218
295,218
266,218
265,218
217,218
216,218
198,218
182,218
156,218
87,218
82,218
43,218
42,218
41,218
30,218
29,218
562,217
561,217
545,217
542,217
531,217
428,217
424,217
420,217
419,217
418,217
417,217
416,217
415,217
414,217
413,217
412,217
411,217
410,217
409,217
408,217
400,217
383,217
312,217
311,217
302,217
298,217
297,217
267,217
266,217
216,217
215,217
203,217
202,217
201,217
197,217
182,217
156,217
87,217
82,217
46,217
45,217
44,217
29,217
561,216
560,216
545,216
542,216
531,216
428,216
424,216
408,216
400,216
383,216
311,216
301,216
300,216
299,216
268,216
267,216
215,216
214,216
204,216
203,216
201,216
197,216
182,216
156,216
87,216
82,216
47,216
46,216
29,216
560,215
559,215
545,215
542,215
532,215
531,215
428,215
425,215
409,215
400,215
383,215
311,215
310,215
302,215
301,215
269,215
268,215
214,215
205,215
204,215
201,215
197,215
182,215
156,215
87,215
83,215
49,215
48,215
47,215
29,215
559,214
545,214
542,214
532,214
428,214
425,214
410,214
409,214
400,214
383,214
310,214
309,214
302,214
270,214
269,214
214,214
213,214
205,214
201,214
197,214
183,214
156,214
87,214
83,214
50,214
49,214
29,214
559,213
558,213
545,213
544,213
542,213
533,213
532,213
428,213
425,213
411,213
410,213
400,213
383,213
309,213
308,213
303,213
271,213
270,213
213,213
212,213
211,213
206,213
205,213
201,213
197,213
183,213
156,213
87,213
83,213
55,213
54,213
53,213
52,213
51,213
29,213
558,212
557,212
544,212
542,212
533,212
505,212
504,212
503,212
428,212
424,212
411,212
401,212
384,212
308,212
303,212
302,212
272,212
271,212
213,212
210,212
209,212
208,212
207,212
201,212
197,212
183,212
157,212
87,212
83,212
58,212
57,212
56,212
29,212
557,211
556,211
544,211
542,211
534,211
533,211
505,211
503,211
502,211
428,211
424,211
411,211
401,211
384,211
308,211
307,211
273,211
272,211
213,211
209,211
200,211
197,211
183,211
157,211
87,211
83,211
59,211
58,211
29,211
556,210
544,210
542,210
534,210
506,210
505,210
502,210
428,210
424,210
412,210
401,210
384,210
307,210
301,210
274,210
273,210
213,210
210,210
200,210
197,210
184,210
157,210
87,210
83,210
59,210
29,210
556,209
555,209
544,209
542,209
535,209
534,209
506,209
502,209
428,209
424,209
412,209
401,209
384,209
306,209
302,209
300,209
299,209
275,209
274,209
213,209
210,209
200,209
197,209
184,209
157,209
87,209
83,209
60,209
59,209
34,209
30,209
555,208
544,208
542,208
535,208
506,208
502,208
428,208
424,208
412,208
401,208
385,208
307,208
302,208
298,208
297,208
296,208
276,208
275,208
213,208
209,208
200,208
197,208
184,208
157,208
87,208
83,208
62,208
61,208
60,208
36,208
35,208
30,208
554,207
541,207
536,207
535,207
507,207
502,207
428,207
424,207
413,207
403,207
402,207
385,207
307,207
302,207
295,207
294,207
293,207
292,207
278,207
277,207
276,207
213,207
209,207
200,207
197,207
185,207
184,207
157,207
87,207
83,207
63,207
62,207
37,207
36,207
30,207
554,206
553,206
541,206
536,206
507,206
502,206
428,206
424,206
413,206
404,206
403,206
385,206
307,206
303,206
291,206
290,206
289,206
288,206
287,206
286,206
285,206
284,206
283,206
282,206
281,206
280,206
279,206
213,206
209,206
200,206
197,206
185,206
157,206
87,206
83,206
64,206
63,206
38,206
37,206
31,206
553,205
552,205
542,205
541,205
537,205
536,205
508,205
501,205
448,205
447,205
446,205
445,205
444,205
428,205
424,205
414,205
404,205
385,205
307,205
303,205
213,205
208,205
200,205
197,205
186,205
185,205
157,205
87,205
83,205
65,205
64,205
39,205
38,205
31,205
552,204
543,204
542,204
537,204
508,204
501,204
449,204
448,204
444,204
443,204
442,204
427,204
424,204
414,204
404,204
385,204
307,204
303,204
262,204
261,204
213,204
208,204
200,204
197,204
186,204
157,204
87,204
83,204
66,204
65,204
40,204
39,204
32,204
31,204
552,203
551,203
544,203
543,203
538,203
537,203
508,203
501,203
450,203
449,203
442,203
441,203
440,203
427,203
424,203
414,203
404,203
386,203
307,203
303,203
265,203
264,203
263,203
260,203
259,203
213,203
208,203
200,203
196,203
186,203
157,203
87,203
83,203
67,203
66,203
41,203
40,203
32,203
551,202
550,202
549,202
544,202
539,202
538,202
509,202
508,202
501,202
451,202
450,202
440,202
439,202
427,202
424,202
415,202
404,202
386,202
307,202
303,202
292,202
291,202
290,202
289,202
288,202
287,202
286,202
285,202
268,202
267,202
266,202
265,202
259,202
213,202
207,202
200,202
196,202
187,202
158,202
87,202
83,202
68,202
67,202
42,202
41,202
33,202
32,202
549,201
548,201
539,201
509,201
501,201
451,201
439,201
427,201
424,201
415,201
404,201
386,201
367,201
366,201
365,201
364,201
363,201
362,201
361,201
307,201
303,201
293,201
292,201
284,201
283,201
282,201
281,201
272,201
271,201
270,201
269,201
259,201
213,201
207,201
200,201
196,201
187,201
158,201
87,201
83,201
69,201
68,201
43,201
42,201
33,201
548,200
547,200
540,200
539,200
510,200
509,200
501,200
452,200
451,200
439,200
438,200
427,200
424,200
415,200
405,200
386,200
370,200
369,200
368,200
360,200
359,200
358,200
308,200
304,200
294,200
293,200
280,200
279,200
278,200
277,200
276,200
275,200
274,200
273,200
259,200
213,200
207,200
199,200
196,200
187,200
158,200
87,200
83,200
69,200
44,200
43,200
34,200
33,200
547,199
546,199
541,199
540,199
510,199
501,199
453,199
452,199
438,199
427,199
424,199
416,199
407,199
406,199
405,199
387,199
371,199
370,199
357,199
356,199
308,199
304,199
295,199
294,199
259,199
213,199
207,199
199,199
196,199
188,199
158,199
87,199
83,199
70,199
69,199
45,199
44,199
34,199
546,198
545,198
541,198
510,198
501,198
453,198
438,198
437,198
427,198
424,198
416,198
408,198
407,198
387,198
371,198
355,198
354,198
353,198
352,198
308,198
304,198
296,198
295,198
259,198
214,198
207,198
199,198
196,198
188,198
158,198
87,198
83,198
71,198
70,198
46,198
45,198
34,198
545,197
541,197
511,197
501,197
454,197
453,197
437,197
427,197
424,197
416,197
409,197
408,197
387,197
371,197
351,197
350,197
349,197
348,197
344,197
343,197
342,197
341,197
340,197
339,197
338,197
308,197
304,197
297,197
296,197
259,197
214,197
207,197
199,197
196,197
188,197
158,197
87,197
83,197
71,197
47,197
46,197
35,197
545,196
541,196
511,196
501,196
455,196
454,196
437,196
427,196
424,196
416,196
409,196
388,196
372,196
347,196
346,196
345,196
337,196
336,196
335,196
334,196
333,196
308,196
304,196
297,196
259,196
214,196
207,196
199,196
196,196
188,196
159,196
87,196
83,196
71,196
48,196
47,196
36,196
35,196
545,195
541,195
512,195
511,195
501,195
455,195
436,195
427,195
424,195
417,195
410,195
388,195
372,195
333,195
332,195
331,195
308,195
304,195
298,195
297,195
259,195
214,195
207,195
199,195
196,195
189,195
159,195
87,195
83,195
72,195
49,195
48,195
36,195
544,194
541,194
512,194
502,194
455,194
436,194
427,194
424,194
417,194
410,194
388,194
372,194
331,194
330,194
308,194
304,194
298,194
260,194
214,194
207,194
199,194
196,194
189,194
159,194
87,194
83,194
72,194
50,194
49,194
37,194
36,194
544,193
541,193
513,193
512,193
502,193
456,193
436,193
427,193
424,193
417,193
410,193
389,193
372,193
330,193
329,193
308,193
305,193
299,193
298,193
260,193
214,193
207,193
199,193
196,193
189,193
159,193
141,193
140,193
139,193
138,193
137,193
136,193
135,193
87,193
83,193
72,193
52,193
51,193
50,193
38,193
37,193
544,192
540,192
514,192
513,192
502,192
456,192
435,192
427,192
424,192
417,192
410,192
389,192
371,192
329,192
328,192
308,192
305,192
299,192
260,192
215,192
207,192
199,192
196,192
189,192
159,192
141,192
134,192
133,192
87,192
83,192
73,192
53,192
52,192
38,192
544,191
540,191
518,191
517,191
516,191
515,191
502,191
457,191
456,191
435,191
427,191
423,191
417,191
411,191
389,191
371,191
328,191
327,191
308,191
305,191
299,191
260,191
215,191
207,191
199,191
195,191
189,191
160,191
142,191
141,191
133,191
132,191
131,191
87,191
83,191
74,191
73,191
54,191
53,191
39,191
38,191
544,190
540,190
520,190
519,190
518,190
502,190
457,190
435,190
427,190
423,190
418,190
411,190
390,190
371,190
327,190
326,190
309,190
305,190
300,190
261,190
215,190
207,190
199,190
195,190
190,190
160,190
142,190
131,190
130,190
87,190
83,190
75,190
74,190
55,190
54,190
40,190
39,190
544,189
540,189
521,189
520,189
502,189
457,189
435,189
427,189
423,189
418,189
412,189
391,189
390,189
371,189
326,189
325,189
309,189
305,189
300,189
261,189
215,189
207,189
199,189
195,189
190,189
160,189
142,189
130,189
129,189
128,189
87,189
83,189
75,189
56,189
55,189
40,189
544,188
540,188
522,188
521,188
502,188
457,188
434,188
427,188
423,188
418,188
412,188
391,188
370,188
325,188
324,188
309,188
305,188
300,188
261,188
215,188
207,188
199,188
195,188
190,188
160,188
142,188
128,188
127,188
126,188
87,188
83,188
76,188
75,188
57,188
56,188
41,188
40,188
544,187
540,187
523,187
522,187
502,187
458,187
434,187
427,187
423,187
418,187
413,187
412,187
392,187
391,187
370,187
324,187
309,187
305,187
301,187
262,187
215,187
207,187
199,187
195,187
190,187
161,187
143,187
125,187
124,187
87,187
83,187
76,187
58,187
57,187
41,187
544,186
540,186
524,186
523,186
502,186
458,186
434,186
427,186
423,186
418,186
413,186
392,186
370,186
324,186
323,186
309,186
305,186
301,186
262,186
214,186
207,186
198,186
195,186
190,186
161,186
143,186
124,186
123,186
122,186
87,186
83,186
77,186
76,186
59,186
58,186
42,186
41,186
544,185
540,185
524,185
502,185
458,185
434,185
427,185
423,185
419,185
413,185
392,185
369,185
323,185
309,185
306,185
301,185
262,185
215,185
207,185
198,185
195,185
190,185
161,185
143,185
122,185
121,185
120,185
87,185
83,185
77,185
60,185
59,185
42,185
544,184
540,184
525,184
524,184
502,184
458,184
433,184
427,184
423,184
419,184
414,184
393,184
369,184
323,184
322,184
309,184
306,184
301,184
263,184
215,184
207,184
204,184
203,184
198,184
195,184
190,184
162,184
143,184
120,184
119,184
118,184
117,184
87,184
83,184
78,184
77,184
62,184
61,184
60,184
43,184
42,184
544,183
540,183
525,183
502,183
458,183
433,183
427,183
423,183
419,183
414,183
393,183
379,183
369,183
368,183
322,183
309,183
306,183
302,183
263,183
215,183
207,183
203,183
198,183
195,183
191,183
162,183
143,183
116,183
115,183
114,183
87,183
83,183
78,183
63,183
62,183
44,183
43,183
544,182
540,182
525,182
502,182
458,182
433,182
427,182
423,182
419,182
415,182
414,182
393,182
382,182
381,182
380,182
378,182
377,182
368,182
322,182
321,182
309,182
306,182
302,182
264,182
263,182
216,182
207,182
203,182
198,182
195,182
191,182
163,182
142,182
114,182
113,182
112,182
87,182
83,182
79,182
78,182
64,182
63,182
44,182
544,181
540,181
526,181
502,181
458,181
433,181
427,181
423,181
419,181
415,181
394,181
383,181
382,181
377,181
368,181
367,181
321,181
310,181
306,181
302,181
264,181
216,181
207,181
202,181
198,181
195,181
191,181
163,181
142,181
111,181
110,181
109,181
87,181
83,181
79,181
64,181
45,181
44,181
544,180
540,180
526,180
502,180
458,180
432,180
427,180
423,180
420,180
394,180
384,180
383,180
376,180
367,180
321,180
320,180
310,180
306,180
303,180
265,180
264,180
217,180
216,180
207,180
204,180
202,180
198,180
195,180
191,180
164,180
163,180
142,180
109,180
108,180
87,180
83,180
80,180
79,180
45,180
582,179
581,179
580,179
579,179
544,179
540,179
527,179
526,179
502,179
458,179
432,179
427,179
423,179
420,179
395,179
385,179
384,179
376,179
367,179
366,179
320,179
310,179
306,179
303,179
265,179
217,179
207,179
204,179
203,179
202,179
198,179
195,179
191,179
164,179
142,179
108,179
107,179
106,179
87,179
83,179
80,179
46,179
45,179
582,178
579,178
578,178
544,178
540,178
527,178
502,178
458,178
432,178
427,178
423,178
420,178
395,178
386,178
385,178
376,178
366,178
320,178
319,178
310,178
307,178
303,178
266,178
265,178
219,178
218,178
217,178
207,178
205,178
204,178
202,178
198,178
195,178
191,178
165,178
164,178
142,178
132,178
131,178
106,178
105,178
104,178
87,178
83,178
80,178
47,178
46,178
582,177
578,177
577,177
544,177
540,177
528,177
527,177
502,177
458,177
431,177
427,177
423,177
420,177
396,177
395,177
387,177
386,177
376,177
366,177
365,177
319,177
310,177
307,177
304,177
266,177
219,177
202,177
201,177
198,177
195,177
191,177
166,177
165,177
141,177
131,177
130,177
104,177
103,177
87,177
83,177
81,177
80,177
48,177
47,177
583,176
577,176
576,176
544,176
540,176
528,176
502,176
458,176
454,176
453,176
452,176
431,176
427,176
423,176
420,176
397,176
396,176
388,176
387,176
376,176
365,176
332,176
331,176
330,176
329,176
319,176
310,176
307,176
304,176
267,176
266,176
220,176
201,176
198,176
195,176
192,176
167,176
166,176
141,176
130,176
103,176
102,176
87,176
84,176
81,176
50,176
49,176
48,176
583,175
576,175
575,175
543,175
540,175
528,175
502,175
458,175
455,175
454,175
452,175
451,175
431,175
427,175
423,175
420,175
397,175
390,175
389,175
388,175
376,175
365,175
364,175
332,175
329,175
319,175
318,175
310,175
307,175
304,175
267,175
219,175
201,175
198,175
195,175
192,175
167,175
141,175
129,175
128,175
102,175
101,175
87,175
84,175
81,175
52,175
51,175
583,174
575,174
574,174
543,174
540,174
529,174
503,174
458,174
455,174
451,174
431,174
430,174
426,174
423,174
421,174
420,174
398,174
397,174
391,174
390,174
376,174
364,174
332,174
329,174
318,174
310,174
307,174
304,174
268,174
267,174
219,174
201,174
200,174
198,174
195,174
192,174
168,174
167,174
140,174
128,174
127,174
101,174
100,174
99,174
87,174
84,174
82,174
81,174
55,174
54,174
53,174
583,173
574,173
573,173
543,173
540,173
529,173
503,173
458,173
456,173
455,173
451,173
430,173
429,173
426,173
423,173
421,173
398,173
392,173
391,173
376,173
364,173
363,173
333,173
329,173
318,173
317,173
310,173
307,173
305,173
268,173
219,173
218,173
200,173
198,173
195,173
192,173
169,173
168,173
140,173
127,173
126,173
99,173
98,173
87,173
84,173
82,173
57,173
56,173
55,173
583,172
573,172
572,172
543,172
540,172
530,172
503,172
458,172
456,172
450,172
429,172
426,172
423,172
421,172
399,172
398,172
393,172
392,172
376,172
363,172
362,172
333,172
328,172
317,172
310,172
307,172
305,172
269,172
268,172
218,172
200,172
198,172
195,172
192,172
169,172
139,172
126,172
125,172
98,172
97,172
87,172
84,172
83,172
82,172
58,172
57,172
582,171
572,171
571,171
543,171
540,171
530,171
503,171
458,171
456,171
450,171
429,171
426,171
423,171
421,171
400,171
399,171
394,171
393,171
376,171
362,171
333,171
328,171
317,171
310,171
305,171
270,171
269,171
218,171
217,171
200,171
195,171
192,171
170,171
169,171
139,171
125,171
124,171
97,171
96,171
87,171
60,171
59,171
58,171
582,170
571,170
570,170
543,170
540,170
530,170
503,170
450,170
429,170
428,170
426,170
423,170
421,170
401,170
400,170
395,170
394,170
376,170
362,170
361,170
333,170
328,170
317,170
316,170
310,170
308,170
305,170
270,170
217,170
200,170
199,170
195,170
192,170
177,170
176,170
175,170
170,170
139,170
124,170
123,170
122,170
96,170
87,170
61,170
60,170
582,169
570,169
569,169
543,169
539,169
530,169
503,169
450,169
428,169
426,169
421,169
402,169
401,169
397,169
396,169
376,169
361,169
333,169
328,169
316,169
310,169
308,169
305,169
271,169
270,169
217,169
216,169
199,169
195,169
192,169
178,169
177,169
175,169
174,169
171,169
170,169
138,169
122,169
121,169
96,169
95,169
87,169
62,169
61,169
582,168
569,168
563,168
562,168
561,168
543,168
539,168
531,168
503,168
449,168
428,168
426,168
422,168
403,168
402,168
398,168
397,168
376,168
360,168
333,168
328,168
316,168
315,168
310,168
308,168
306,168
271,168
216,168
199,168
198,168
195,168
193,168
178,168
174,168
172,168
171,168
138,168
121,168
120,168
95,168
94,168
87,168
65,168
64,168
63,168
62,168
582,167
569,167
568,167
567,167
566,167
565,167
564,167
560,167
559,167
543,167
539,167
531,167
504,167
449,167
428,167
427,167
425,167
422,167
405,167
404,167
403,167
399,167
398,167
376,167
360,167
359,167
333,167
332,167
328,167
315,167
311,167
308,167
306,167
271,167
216,167
215,167
196,167
195,167
193,167
178,167
172,167
137,167
120,167
119,167
118,167
94,167
87,167
68,167
67,167
66,167
581,166
566,166
559,166
558,166
543,166
539,166
531,166
504,166
449,166
427,166
425,166
422,166
406,166
405,166
400,166
399,166
377,166
359,166
332,166
331,166
328,166
315,166
311,166
306,166
272,166
233,166
232,166
231,166
215,166
214,166
196,166
195,166
193,166
178,166
173,166
172,166
137,166
118,166
117,166
94,166
93,166
87,166
71,166
70,166
69,166
581,165
558,165
557,165
543,165
539,165
532,165
504,165
449,165
448,165
427,165
425,165
424,165
408,165
407,165
406,165
400,165
377,165
359,165
358,165
331,165
330,165
329,165
328,165
314,165
311,165
306,165
272,165
236,165
235,165
234,165
230,165
229,165
228,165
214,165
196,165
195,165
193,165
175,165
174,165
173,165
137,165
136,165
117,165
116,165
93,165
87,165
73,165
72,165
581,164
557,164
556,164
543,164
539,164
532,164
504,164
448,164
427,164
426,164
425,164
423,164
410,164
409,164
408,164
401,164
400,164
377,164
358,164
357,164
314,164
311,164
307,164
306,164
272,164
236,164
228,164
227,164
226,164
214,164
213,164
196,164
176,164
175,164
136,164
115,164
114,164
93,164
92,164
87,164
77,164
76,164
75,164
74,164
580,163
556,163
555,163
543,163
539,163
533,163
504,163
448,163
447,163
423,163
413,163
412,163
411,163
402,163
401,163
377,163
357,163
314,163
311,163
307,163
273,163
236,163
226,163
225,163
213,163
176,163
136,163
135,163
113,163
112,163
92,163
87,163
80,163
79,163
78,163
580,162
555,162
554,162
543,162
539,162
533,162
504,162
447,162
423,162
416,162
415,162
414,162
402,162
377,162
357,162
314,162
311,162
307,162
273,162
237,162
225,162
224,162
213,162
212,162
177,162
176,162
135,162
134,162
111,162
110,162
109,162
92,162
91,162
88,162
87,162
82,162
81,162
580,161
554,161
553,161
543,161
539,161
533,161
505,161
447,161
418,161
417,161
416,161
403,161
402,161
377,161
356,161
313,161
311,161
307,161
274,161
273,161
237,161
224,161
223,161
212,161
178,161
177,161
134,161
108,161
107,161
106,161
91,161
88,161
87,161
83,161
82,161
579,160
553,160
543,160
539,160
534,160
505,160
447,160
420,160
419,160
418,160
403,160
378,160
356,160
313,160
310,160
308,160
274,160
237,160
223,160
212,160
211,160
210,160
178,160
134,160
133,160
105,160
104,160
103,160
102,160
91,160
90,160
88,160
83,160
579,159
553,159
552,159
543,159
539,159
534,159
505,159
446,159
421,159
420,159
403,159
378,159
355,159
313,159
310,159
275,159
274,159
237,159
223,159
222,159
210,159
209,159
180,159
179,159
178,159
133,159
132,159
101,159
100,159
90,159
83,159
579,158
552,158
551,158
543,158
539,158
534,158
505,158
446,158
422,158
421,158
404,158
378,158
355,158
313,158
312,158
310,158
275,158
237,158
222,158
221,158
208,158
207,158
206,158
205,158
181,158
180,158
132,158
99,158
98,158
97,158
96,158
90,158
89,158
83,158
579,157
551,157
543,157
539,157
534,157
505,157
446,157
422,157
404,157
378,157
355,157
354,157
312,157
310,157
276,157
275,157
237,157
221,157
204,157
203,157
202,157
201,157
200,157
199,157
198,157
182,157
181,157
132,157
131,157
95,157
94,157
89,157
83,157
578,156
551,156
550,156
543,156
539,156
535,156
506,156
446,156
422,156
404,156
378,156
354,156
312,156
311,156
310,156
277,156
276,156
237,156
221,156
220,156
198,156
184,156
183,156
182,156
131,156
130,156
94,156
93,156
92,156
89,156
83,156
578,155
550,155
543,155
539,155
535,155
506,155
447,155
422,155
405,155
378,155
354,155
353,155
278,155
277,155
237,155
220,155
219,155
198,155
190,155
189,155
188,155
187,155
186,155
185,155
130,155
92,155
91,155
90,155
83,155
578,154
550,154
549,154
543,154
539,154
535,154
506,154
447,154
427,154
422,154
405,154
378,154
353,154
352,154
278,154
236,154
219,154
198,154
192,154
191,154
190,154
130,154
129,154
89,154
83,154
578,153
549,153
548,153
543,153
539,153
535,153
507,153
447,153
428,153
427,153
426,153
425,153
422,153
405,153
379,153
352,153
351,153
279,153
278,153
236,153
219,153
218,153
198,153
193,153
192,153
129,153
128,153
88,153
87,153
83,153
577,152
548,152
543,152
539,152
536,152
507,152
447,152
430,152
429,152
428,152
425,152
422,152
406,152
379,152
351,152
350,152
280,152
279,152
236,152
218,152
217,152
198,152
194,152
193,152
128,152
127,152
83,152
25,152
577,151
548,151
547,151
543,151
539,151
536,151
507,151
446,151
432,151
431,151
430,151
425,151
421,151
406,151
379,151
350,151
349,151
281,151
280,151
236,151
217,151
216,151
198,151
194,151
127,151
126,151
83,151
29,151
28,151
27,151
26,151
25,151
24,151
577,150
547,150
543,150
539,150
536,150
508,150
446,150
433,150
432,150
425,150
421,150
407,150
406,150
379,150
349,150
348,150
282,150
281,150
236,150
216,150
198,150
194,150
126,150
125,150
83,150
32,150
31,150
30,150
24,150
576,149
547,149
546,149
543,149
539,149
536,149
508,149
446,149
445,149
435,149
434,149
433,149
425,149
421,149
408,149
407,149
379,149
348,149
347,149
284,149
283,149
282,149
236,149
216,149
215,149
198,149
194,149
125,149
124,149
123,149
83,149
34,149
33,149
32,149
24,149
576,148
546,148
543,148
539,148
536,148
509,148
508,148
445,148
444,148
437,148
436,148
435,148
425,148
421,148
408,148
379,148
347,148
346,148
315,148
314,148
313,148
312,148
308,148
307,148
306,148
305,148
304,148
285,148
284,148
235,148
215,148
198,148
194,148
123,148
122,148
83,148
36,148
35,148
34,148
23,148
576,147
546,147
545,147
543,147
539,147
536,147
509,147
444,147
443,147
439,147
438,147
437,147
425,147
421,147
408,147
380,147
346,147
345,147
344,147
322,147
321,147
320,147
319,147
318,147
317,147
316,147
312,147
308,147
303,147
302,147
287,147
286,147
285,147
235,147
215,147
214,147
198,147
194,147
121,147
120,147
119,147
118,147
93,147
92,147
91,147
90,147
89,147
88,147
83,147
38,147
37,147
36,147
23,147
575,146
545,146
543,146
539,146
536,146
510,146
509,146
442,146
441,146
440,146
425,146
421,146
409,146
380,146
344,146
343,146
342,146
329,146
328,146
327,146
326,146
325,146
324,146
323,146
312,146
308,146
301,146
300,146
299,146
289,146
288,146
235,146
214,146
213,146
198,146
194,146
117,146
116,146
115,146
114,146
113,146
98,146
97,146
96,146
95,146
94,146
88,146
87,146
83,146
39,146
38,146
23,146
575,145
545,145
539,145
537,145
510,145
425,145
421,145
409,145
380,145
341,145
340,145
339,145
338,145
337,145
336,145
335,145
334,145
333,145
332,145
331,145
330,145
312,145
308,145
298,145
297,145
296,145
295,145
294,145
293,145
292,145
291,145
290,145
235,145
213,145
198,145
195,145
112,145
111,145
110,145
109,145
102,145
101,145
100,145
99,145
87,145
83,145
41,145
40,145
39,145
23,145
575,144
574,144
544,144
539,144
537,144
511,144
510,144
425,144
421,144
410,144
380,144
312,144
308,144
234,144
213,144
198,144
195,144
108,144
107,144
106,144
105,144
104,144
103,144
87,144
83,144
42,144
41,144
23,144
574,143
544,143
543,143
539,143
537,143
511,143
424,143
421,143
410,143
380,143
312,143
308,143
234,143
212,143
198,143
195,143
87,143
83,143
56,143
55,143
54,143
53,143
52,143
51,143
50,143
49,143
48,143
47,143
46,143
45,143
44,143
43,143
42,143
23,143
574,142
573,142
543,142
540,142
538,142
537,142
511,142
424,142
421,142
410,142
381,142
312,142
308,142
234,142
212,142
199,142
195,142
87,142
83,142
59,142
58,142
57,142
56,142
24,142
573,141
540,141
538,141
512,141
440,141
424,141
421,141
410,141
381,141
312,141
308,141
234,141
212,141
199,141
195,141
170,141
169,141
168,141
167,141
166,141
87,141
83,141
61,141
60,141
59,141
24,141
573,140
572,140
540,140
538,140
513,140
512,140
443,140
442,140
441,140
440,140
424,140
421,140
411,140
381,140
311,140
308,140
234,140
211,140
199,140
195,140
172,140
171,140
165,140
164,140
163,140
87,140
83,140
62,140
61,140
24,140
572,139
571,139
540,139
538,139
513,139
444,139
443,139
440,139
424,139
421,139
411,139
381,139
311,139
308,139
233,139
211,139
199,139
195,139
173,139
172,139
163,139
162,139
161,139
160,139
159,139
158,139
87,139
83,139
63,139
62,139
24,139
571,138
570,138
514,138
513,138
444,138
439,138
424,138
421,138
411,138
381,138
311,138
308,138
233,138
210,138
199,138
195,138
173,138
157,138
156,138
155,138
154,138
153,138
87,138
83,138
64,138
63,138
25,138
570,137
569,137
515,137
514,137
445,137
444,137
439,137
424,137
421,137
411,137
382,137
311,137
308,137
233,137
210,137
199,137
195,137
174,137
153,137
152,137
87,137
83,137
65,137
64,137
25,137
569,136
568,136
516,136
515,136
445,136
439,136
438,136
424,136
421,136
412,136
382,136
311,136
308,136
233,136
209,136
199,136
195,136
175,136
174,136
152,136
151,136
87,136
83,136
66,136
65,136
25,136
568,135
567,135
516,135
445,135
438,135
437,135
424,135
420,135
412,135
382,135
311,135
308,135
232,135
209,135
199,135
195,135
178,135
177,135
176,135
175,135
151,135
150,135
87,135
83,135
67,135
66,135
26,135
567,134
566,134
517,134
516,134
446,134
437,134
436,134
424,134
420,134
412,134
382,134
311,134
308,134
297,134
296,134
295,134
294,134
293,134
232,134
209,134
199,134
195,134
179,134
178,134
150,134
149,134
139,134
138,134
137,134
87,134
83,134
68,134
67,134
26,134
566,133
565,133
564,133
545,133
544,133
519,133
518,133
517,133
446,133
436,133
435,133
424,133
420,133
412,133
382,133
311,133
308,133
298,133
297,133
292,133
291,133
290,133
232,133
208,133
199,133
195,133
180,133
179,133
149,133
139,133
137,133
87,133
83,133
69,133
68,133
26,133
564,132
563,132
562,132
548,132
547,132
546,132
543,132
520,132
519,132
446,132
435,132
434,132
424,132
420,132
413,132
383,132
311,132
308,132
298,132
289,132
288,132
287,132
231,132
208,132
199,132
195,132
181,132
180,132
149,132
139,132
137,132
136,132
87,132
83,132
69,132
27,132
562,131
561,131
560,131
551,131
550,131
549,131
542,131
521,131
520,131
446,131
434,131
424,131
420,131
413,131
383,131
344,131
343,131
342,131
341,131
340,131
339,131
338,131
311,131
308,131
299,131
298,131
287,131
286,131
285,131
231,131
208,131
199,131
195,131
182,131
181,131
148,131
139,131
136,131
135,131
87,131
83,131
70,131
69,131
27,131
560,130
559,130
558,130
557,130
556,130
555,130
554,130
553,130
552,130
542,130
522,130
521,130
446,130
434,130
433,130
424,130
420,130
413,130
383,130
347,130
346,130
345,130
337,130
336,130
335,130
334,130
333,130
311,130
308,130
300,130
299,130
285,130
284,130
231,130
207,130
199,130
195,130
183,130
182,130
148,130
139,130
135,130
134,130
133,130
87,130
83,130
70,130
28,130
27,130
542,129
524,129
523,129
522,129
446,129
433,129
424,129
420,129
413,129
384,129
348,129
347,129
332,129
331,129
330,129
311,129
308,129
300,129
284,129
283,129
230,129
207,129
200,129
196,129
183,129
148,129
139,129
133,129
132,129
87,129
83,129
71,129
28,129
542,128
526,128
525,128
524,128
446,128
433,128
432,128
424,128
420,128
413,128
384,128
350,128
349,128
348,128
330,128
329,128
328,128
311,128
308,128
300,128
283,128
282,128
230,128
207,128
200,128
196,128
184,128
183,128
147,128
139,128
132,128
131,128
87,128
83,128
72,128
71,128
29,128
28,128
542,127
535,127
534,127
533,127
532,127
531,127
530,127
529,127
528,127
527,127
446,127
432,127
424,127
420,127
414,127
384,127
352,127
351,127
350,127
328,127
327,127
311,127
308,127
301,127
282,127
230,127
207,127
200,127
196,127
185,127
184,127
147,127
139,127
131,127
130,127
129,127
87,127
83,127
72,127
29,127
542,126
537,126
536,126
446,126
432,126
431,126
423,126
420,126
414,126
385,126
355,126
354,126
353,126
327,126
326,126
311,126
308,126
301,126
282,126
281,126
229,126
206,126
200,126
196,126
185,126
147,126
139,126
129,126
128,126
127,126
122,126
121,126
120,126
119,126
118,126
117,126
116,126
115,126
114,126
113,126
112,126
111,126
110,126
87,126
83,126
73,126
72,126
30,126
29,126
542,125
538,125
537,125
446,125
431,125
423,125
420,125
414,125
385,125
357,125
356,125
355,125
326,125
311,125
308,125
301,125
281,125
280,125
229,125
206,125
200,125
196,125
186,125
185,125
147,125
139,125
126,125
125,125
124,125
123,125
110,125
109,125
108,125
87,125
83,125
73,125
30,125
542,124
538,124
446,124
431,124
430,124
423,124
420,124
414,124
385,124
359,124
358,124
357,124
326,124
325,124
311,124
308,124
302,124
280,124
279,124
229,124
228,124
206,124
200,124
196,124
186,124
147,124
139,124
108,124
107,124
87,124
83,124
73,124
31,124
30,124
542,123
538,123
446,123
430,123
423,123
420,123
414,123
386,123
361,123
360,123
325,123
324,123
311,123
308,123
302,123
279,123
278,123
228,123
206,123
200,123
196,123
187,123
186,123
148,123
139,123
107,123
106,123
87,123
83,123
74,123
31,123
542,122
538,122
445,122
430,122
423,122
420,122
414,122
386,122
369,122
368,122
367,122
366,122
365,122
364,122
363,122
362,122
324,122
318,122
311,122
308,122
302,122
278,122
277,122
276,122
228,122
227,122
205,122
200,122
196,122
187,122
148,122
139,122
106,122
105,122
104,122
87,122
83,122
74,122
32,122
31,122
542,121
538,121
445,121
430,121
429,121
423,121
420,121
415,121
386,121
370,121
369,121
324,121
323,121
318,121
311,121
308,121
303,121
276,121
275,121
227,121
205,121
200,121
196,121
188,121
187,121
148,121
139,121
104,121
87,121
83,121
75,121
74,121
32,121
542,120
538,120
445,120
429,120
423,120
419,120
415,120
387,120
370,120
323,120
322,120
317,120
311,120
308,120
303,120
274,120
273,120
272,120
271,120
270,120
269,120
268,120
267,120
266,120
265,120
264,120
263,120
226,120
205,120
200,120
196,120
188,120
148,120
139,120
104,120
103,120
87,120
83,120
75,120
33,120
32,120
542,119
538,119
445,119
429,119
428,119
423,119
419,119
415,119
388,119
387,119
370,119
322,119
317,119
316,119
311,119
307,119
303,119
263,119
262,119
226,119
205,119
200,119
196,119
189,119
188,119
148,119
139,119
103,119
102,119
87,119
83,119
76,119
75,119
33,119
542,118
538,118
445,118
428,118
423,118
419,118
415,118
388,118
370,118
322,118
321,118
316,118
311,118
307,118
303,118
262,118
226,118
204,118
200,118
196,118
189,118
149,118
139,118
102,118
101,118
87,118
83,118
76,118
34,118
33,118
542,117
538,117
445,117
428,117
423,117
419,117
415,117
389,117
388,117
370,117
321,117
320,117
315,117
311,117
307,117
304,117
262,117
226,117
204,117
200,117
196,117
190,117
189,117
149,117
139,117
138,117
101,117
87,117
83,117
77,117
76,117
34,117
542,116
538,116
445,116
428,116
423,116
419,116
416,116
389,116
369,116
320,116
319,116
315,116
311,116
307,116
304,116
262,116
225,116
204,116
200,116
196,116
190,116
150,116
149,116
138,116
101,116
100,116
87,116
83,116
78,116
77,116
35,116
34,116
542,115
538,115
445,115
427,115
423,115
419,115
416,115
390,115
389,115
369,115
319,115
315,115
311,115
307,115
304,115
262,115
225,115
204,115
200,115
196,115
191,115
190,115
150,115
138,115
137,115
100,115
99,115
87,115
83,115
78,115
36,115
35,115
542,114
538,114
445,114
427,114
423,114
419,114
416,114
390,114
369,114
368,114
319,114
318,114
314,114
311,114
307,114
304,114
262,114
225,114
204,114
200,114
196,114
191,114
151,114
150,114
137,114
99,114
87,114
83,114
79,114
78,114
36,114
542,113
538,113
445,113
426,113
422,113
419,113
416,113
391,113
390,113
368,113
318,113
314,113
311,113
307,113
304,113
263,113
224,113
204,113
200,113
196,113
192,113
191,113
151,113
136,113
99,113
98,113
87,113
83,113
80,113
79,113
37,113
36,113
586,112
542,112
538,112
445,112
426,112
422,112
419,112
416,112
391,112
368,112
367,112
318,112
317,112
314,112
310,112
307,112
304,112
263,112
224,112
223,112
203,112
200,112
196,112
192,112
152,112
151,112
136,112
98,112
87,112
83,112
80,112
38,112
37,112
587,111
586,111
585,111
584,111
542,111
538,111
444,111
426,111
422,111
419,111
416,111
392,111
391,111
367,111
366,111
317,111
310,111
307,111
304,111
264,111
263,111
223,111
203,111
200,111
196,111
192,111
152,111
136,111
98,111
97,111
87,111
83,111
81,111
80,111
38,111
587,110
583,110
582,110
542,110
538,110
502,110
501,110
500,110
499,110
498,110
497,110
444,110
425,110
422,110
419,110
416,110
393,110
392,110
366,110
317,110
316,110
310,110
307,110
305,110
264,110
223,110
222,110
203,110
200,110
196,110
193,110
192,110
153,110
152,110
135,110
126,110
97,110
86,110
83,110
82,110
80,110
39,110
38,110
587,109
582,109
581,109
571,109
570,109
569,109
568,109
567,109
566,109
565,109
564,109
563,109
562,109
561,109
542,109
538,109
505,109
504,109
503,109
497,109
444,109
425,109
422,109
419,109
417,109
416,109
393,109
366,109
365,109
316,109
310,109
307,109
305,109
265,109
264,109
222,109
203,109
200,109
197,109
193,109
153,109
135,109
126,109
125,109
97,109
96,109
86,109
82,109
40,109
39,109
587,108
581,108
580,108
579,108
574,108
573,108
572,108
561,108
560,108
542,108
538,108
507,108
506,108
505,108
497,108
444,108
425,108
422,108
419,108
417,108
394,108
393,108
365,108
364,108
355,108
354,108
353,108
316,108
315,108
310,108
307,108
305,108
265,108
222,108
221,108
203,108
200,108
197,108
194,108
193,108
154,108
153,108
135,108
134,108
125,108
124,108
96,108
86,108
82,108
40,108
587,107
579,107
578,107
577,107
576,107
575,107
560,107
559,107
558,107
542,107
538,107
513,107
512,107
511,107
510,107
509,107
508,107
507,107
496,107
444,107
424,107
421,107
419,107
417,107
395,107
394,107
364,107
352,107
315,107
310,107
305,107
266,107
265,107
221,107
203,107
200,107
197,107
194,107
154,107
134,107
123,107
96,107
95,107
86,107
82,107
41,107
40,107
587,106
558,106
557,106
542,106
538,106
522,106
521,106
520,106
514,106
513,106
496,106
444,106
424,106
421,106
419,106
417,106
396,106
395,106
364,106
363,106
351,106
350,106
349,106
348,106
315,106
314,106
310,106
305,106
266,106
221,106
220,106
203,106
200,106
197,106
194,106
155,106
154,106
134,106
133,106
122,106
95,106
86,106
82,106
42,106
41,106
587,105
557,105
556,105
542,105
538,105
523,105
522,105
519,105
518,105
517,105
516,105
515,105
514,105
496,105
443,105
424,105
421,105
417,105
396,105
363,105
348,105
347,105
314,105
310,105
306,105
305,105
267,105
266,105
220,105
203,105
200,105
197,105
194,105
156,105
155,105
133,105
121,105
120,105
95,105
94,105
86,105
82,105
42,105
587,104
556,104
555,104
543,104
538,104
525,104
524,104
523,104
497,104
443,104
424,104
423,104
421,104
417,104
397,104
396,104
363,104
362,104
346,104
345,104
344,104
314,104
313,104
310,104
306,104
290,104
289,104
288,104
287,104
268,104
267,104
220,104
219,104
203,104
200,104
198,104
195,104
156,104
133,104
132,104
120,104
119,104
94,104
86,104
82,104
43,104
42,104
587,103
555,103
554,103
543,103
538,103
526,103
525,103
497,103
443,103
423,103
421,103
417,103
399,103
398,103
397,103
362,103
343,103
342,103
341,103
313,103
310,103
307,103
306,103
290,103
287,103
268,103
219,103
203,103
200,103
198,103
195,103
156,103
132,103
119,103
118,103
94,103
93,103
86,103
82,103
44,103
43,103
586,102
554,102
553,102
543,102
539,102
527,102
526,102
497,102
443,102
423,102
421,102
417,102
400,102
399,102
362,102
361,102
340,102
339,102
338,102
313,102
312,102
309,102
307,102
290,102
287,102
269,102
268,102
219,102
218,102
202,102
200,102
198,102
196,102
195,102
156,102
132,102
131,102
117,102
116,102
93,102
86,102
45,102
44,102
586,101
553,101
552,101
543,101
538,101
528,101
527,101
498,101
442,101
402,101
401,101
400,101
361,101
337,101
336,101
335,101
312,101
309,101
294,101
293,101
292,101
290,101
287,101
269,101
218,101
217,101
202,101
200,101
196,101
157,101
131,101
116,101
115,101
93,101
92,101
86,101
46,101
45,101
586,100
552,100
543,100
538,100
529,100
528,100
498,100
442,100
403,100
402,100
361,100
360,100
334,100
333,100
332,100
331,100
330,100
312,100
309,100
296,100
295,100
290,100
287,100
269,100
217,100
202,100
200,100
196,100
157,100
131,100
130,100
115,100
114,100
92,100
86,100
82,100
81,100
80,100
79,100
78,100
77,100
47,100
46,100
585,99
552,99
551,99
543,99
539,99
529,99
498,99
442,99
406,99
405,99
404,99
360,99
359,99
330,99
329,99
328,99
327,99
326,99
325,99
324,99
323,99
322,99
312,99
311,99
309,99
300,99
299,99
298,99
297,99
296,99
289,99
287,99
270,99
217,99
216,99
202,99
201,99
197,99
196,99
158,99
157,99
130,99
129,99
114,99
113,99
112,99
92,99
91,99
86,99
82,99
76,99
75,99
74,99
48,99
47,99
585,98
551,98
550,98
543,98
539,98
530,98
529,98
499,98
442,98
410,98
409,98
408,98
407,98
359,98
321,98
320,98
319,98
318,98
317,98
311,98
309,98
303,98
302,98
301,98
289,98
288,98
287,98
270,98
216,98
197,98
158,98
129,98
112,98
111,98
91,98
86,98
82,98
73,98
72,98
71,98
49,98
48,98
585,97
550,97
543,97
538,97
530,97
499,97
441,97
413,97
412,97
411,97
359,97
358,97
316,97
315,97
314,97
311,97
310,97
309,97
305,97
304,97
292,97
291,97
289,97
287,97
271,97
216,97
215,97
198,97
197,97
158,97
129,97
128,97
111,97
110,97
91,97
86,97
82,97
70,97
69,97
68,97
50,97
49,97
584,96
550,96
549,96
543,96
538,96
530,96
499,96
441,96
415,96
414,96
413,96
358,96
357,96
313,96
312,96
306,96
305,96
292,96
271,96
215,96
214,96
199,96
198,96
159,96
128,96
127,96
110,96
109,96
91,96
90,96
86,96
82,96
67,96
66,96
65,96
51,96
50,96
584,95
549,95
543,95
538,95
531,95
530,95
500,95
441,95
422,95
416,95
415,95
357,95
307,95
292,95
271,95
214,95
213,95
199,95
159,95
127,95
109,95
108,95
107,95
106,95
105,95
90,95
87,95
86,95
82,95
64,95
63,95
54,95
53,95
52,95
51,95
584,94
549,94
548,94
543,94
538,94
531,94
500,94
440,94
422,94
417,94
416,94
357,94
356,94
308,94
292,94
291,94
290,94
289,94
272,94
213,94
212,94
211,94
160,94
159,94
126,94
105,94
104,94
103,94
90,94
89,94
87,94
82,94
62,94
61,94
60,94
59,94
58,94
57,94
56,94
55,94
583,93
548,93
543,93
538,93
532,93
531,93
501,93
440,93
423,93
422,93
417,93
356,93
355,93
308,93
292,93
289,93
272,93
210,93
209,93
208,93
207,93
160,93
126,93
125,93
103,93
102,93
89,93
88,93
87,93
83,93
583,92
548,92
547,92
543,92
538,92
532,92
501,92
440,92
423,92
421,92
420,92
417,92
355,92
354,92
307,92
292,92
289,92
273,92
272,92
206,92
205,92
204,92
203,92
161,92
160,92
125,92
124,92
102,92
101,92
100,92
87,92
83,92
582,91
547,91
543,91
538,91
533,91
532,91
501,91
440,91
424,91
423,91
420,91
417,91
354,91
306,91
305,91
291,91
289,91
273,91
203,91
202,91
161,91
124,91
123,91
100,91
99,91
98,91
87,91
83,91
582,90
547,90
546,90
543,90
538,90
533,90
502,90
439,90
424,90
420,90
417,90
354,90
353,90
305,90
304,90
291,90
289,90
274,90
273,90
202,90
162,90
161,90
123,90
122,90
98,90
97,90
87,90
83,90
582,89
546,89
543,89
538,89
534,89
533,89
502,89
439,89
425,89
424,89
420,89
417,89
353,89
352,89
312,89
311,89
310,89
306,89
304,89
274,89
202,89
162,89
122,89
121,89
97,89
96,89
95,89
87,89
83,89
581,88
546,88
543,88
538,88
534,88
503,88
438,88
425,88
420,88
417,88
352,88
313,88
312,88
310,88
309,88
306,88
304,88
303,88
275,88
274,88
202,88
196,88
195,88
194,88
163,88
162,88
121,88
120,88
95,88
94,88
93,88
92,88
91,88
87,88
83,88
581,87
546,87
545,87
543,87
538,87
535,87
534,87
503,87
438,87
426,87
425,87
420,87
417,87
352,87
351,87
346,87
314,87
313,87
309,87
306,87
303,87
302,87
276,87
275,87
202,87
198,87
197,87
193,87
192,87
191,87
164,87
163,87
120,87
119,87
118,87
90,87
89,87
83,87
581,86
545,86
543,86
539,86
535,86
503,86
438,86
437,86
426,86
420,86
417,86
351,86
350,86
346,86
345,86
315,86
314,86
309,86
306,86
302,86
277,86
276,86
202,86
198,86
190,86
189,86
164,86
118,86
117,86
89,86
88,86
83,86
580,85
545,85
543,85
539,85
535,85
504,85
437,85
436,85
427,85
426,85
420,85
417,85
393,85
392,85
391,85
390,85
389,85
388,85
387,85
386,85
385,85
384,85
383,85
382,85
381,85
380,85
379,85
378,85
377,85
376,85
375,85
374,85
373,85
372,85
371,85
350,85
345,85
344,85
316,85
315,85
309,85
306,85
302,85
301,85
278,85
277,85
202,85
198,85
188,85
187,85
186,85
166,85
165,85
164,85
117,85
116,85
83,85
580,84
545,84
539,84
536,84
535,84
504,84
436,84
428,84
427,84
420,84
417,84
394,84
393,84
370,84
369,84
350,84
349,84
344,84
343,84
316,84
309,84
305,84
301,84
300,84
299,84
279,84
278,84
202,84
198,84
185,84
184,84
183,84
182,84
167,84
166,84
116,84
115,84
114,84
83,84
579,83
544,83
539,83
536,83
504,83
436,83
435,83
429,83
428,83
420,83
417,83
395,83
394,83
369,83
368,83
367,83
349,83
343,83
342,83
317,83
316,83
309,83
305,83
299,83
298,83
280,83
279,83
202,83
198,83
181,83
180,83
179,83
178,83
168,83
167,83
114,83
113,83
93,83
92,83
91,83
90,83
83,83
579,82
544,82
539,82
536,82
504,82
435,82
434,82
433,82
431,82
430,82
429,82
420,82
417,82
396,82
395,82
367,82
366,82
349,82
348,82
342,82
341,82
319,82
318,82
317,82
309,82
305,82
298,82
297,82
282,82
281,82
280,82
202,82
198,82
177,82
176,82
169,82
168,82
112,82
111,82
110,82
98,82
97,82
96,82
95,82
94,82
89,82
88,82
87,82
83,82
579,81
539,81
536,81
505,81
432,81
420,81
417,81
397,81
396,81
366,81
365,81
348,81
347,81
341,81
340,81
339,81
320,81
319,81
308,81
305,81
296,81
295,81
294,81
293,81
289,81
288,81
287,81
286,81
285,81
284,81
283,81
202,81
198,81
176,81
175,81
174,81
173,81
172,81
171,81
170,81
169,81
109,81
108,81
107,81
106,81
105,81
104,81
103,81
102,81
101,81
100,81
99,81
87,81
83,81
578,80
539,80
536,80
505,80
420,80
416,80
398,80
397,80
365,80
347,80
346,80
339,80
338,80
337,80
321,80
320,80
308,80
305,80
292,80
291,80
290,80
202,80
198,80
87,80
83,80
578,79
540,79
537,79
505,79
420,79
416,79
399,79
398,79
365,79
364,79
346,79
345,79
337,79
336,79
335,79
334,79
323,79
322,79
321,79
308,79
305,79
281,79
280,79
279,79
278,79
277,79
276,79
275,79
274,79
273,79
272,79
271,79
270,79
269,79
202,79
199,79
87,79
83,79
578,78
540,78
537,78
525,78
524,78
506,78
420,78
416,78
400,78
399,78
364,78
345,78
334,78
333,78
332,78
324,78
323,78
308,78
305,78
286,78
285,78
284,78
283,78
282,78
269,78
268,78
267,78
203,78
199,78
87,78
83,78
578,77
577,77
540,77
537,77
525,77
506,77
420,77
416,77
401,77
400,77
364,77
363,77
345,77
344,77
343,77
332,77
331,77
330,77
325,77
324,77
308,77
305,77
289,77
288,77
287,77
267,77
266,77
265,77
264,77
263,77
262,77
261,77
260,77
203,77
199,77
87,77
83,77
577,76
540,76
538,76
537,76
525,76
506,76
420,76
416,76
401,76
363,76
344,76
343,76
342,76
341,76
340,76
339,76
338,76
337,76
330,76
329,76
326,76
325,76
308,76
305,76
290,76
289,76
259,76
258,76
257,76
203,76
199,76
87,76
83,76
577,75
576,75
540,75
538,75
525,75
507,75
420,75
416,75
402,75
401,75
363,75
362,75
346,75
345,75
342,75
336,75
335,75
334,75
329,75
308,75
305,75
291,75
290,75
257,75
256,75
203,75
199,75
87,75
83,75
576,74
538,74
525,74
507,74
420,74
416,74
402,74
363,74
362,74
349,74
348,74
347,74
346,74
333,74
332,74
327,74
326,74
325,74
324,74
308,74
305,74
292,74
291,74
256,74
255,74
203,74
199,74
87,74
83,74
576,73
575,73
547,73
546,73
545,73
544,73
543,73
539,73
538,73
526,73
525,73
507,73
420,73
416,73
403,73
362,73
351,73
350,73
332,73
331,73
324,73
323,73
308,73
305,73
293,73
292,73
256,73
245,73
244,73
243,73
242,73
241,73
233,73
232,73
231,73
230,73
229,73
228,73
227,73
226,73
203,73
199,73
87,73
83,73
575,72
548,72
547,72
543,72
539,72
528,72
526,72
508,72
441,72
440,72
439,72
438,72
437,72
436,72
420,72
416,72
403,72
362,72
361,72
353,72
352,72
323,72
322,72
321,72
308,72
304,72
294,72
293,72
255,72
246,72
245,72
240,72
239,72
238,72
235,72
234,72
233,72
225,72
224,72
203,72
199,72
87,72
83,72
64,72
63,72
62,72
61,72
60,72
575,71
574,71
550,71
549,71
548,71
543,71
539,71
527,71
508,71
442,71
441,71
436,71
435,71
434,71
420,71
416,71
403,71
360,71
359,71
358,71
357,71
356,71
355,71
354,71
321,71
308,71
304,71
295,71
294,71
255,71
247,71
246,71
237,71
236,71
235,71
224,71
223,71
222,71
203,71
199,71
87,71
83,71
66,71
65,71
64,71
60,71
59,71
58,71
574,70
573,70
551,70
550,70
543,70
527,70
509,70
508,70
443,70
442,70
434,70
433,70
420,70
416,70
404,70
321,70
320,70
308,70
304,70
295,70
255,70
248,70
247,70
222,70
221,70
203,70
199,70
87,70
83,70
66,70
58,70
57,70
573,69
572,69
552,69
551,69
543,69
527,69
509,69
443,69
433,69
432,69
420,69
416,69
404,69
364,69
320,69
319,69
308,69
304,69
296,69
295,69
255,69
248,69
221,69
203,69
199,69
87,69
83,69
67,69
66,69
57,69
56,69
572,68
571,68
553,68
552,68
543,68
527,68
510,68
509,68
444,68
443,68
432,68
431,68
419,68
416,68
405,68
364,68
319,68
318,68
308,68
304,68
296,68
255,68
248,68
221,68
220,68
203,68
199,68
87,68
83,68
68,68
67,68
56,68
55,68
571,67
570,67
569,67
555,67
554,67
553,67
542,67
528,67
511,67
510,67
445,67
444,67
431,67
430,67
419,67
416,67
405,67
364,67
362,67
358,67
318,67
317,67
307,67
304,67
297,67
296,67
255,67
249,67
220,67
219,67
203,67
199,67
87,67
83,67
68,67
55,67
54,67
53,67
569,66
568,66
557,66
556,66
542,66
528,66
511,66
445,66
430,66
419,66
416,66
405,66
365,66
363,66
362,66
358,66
357,66
356,66
317,66
316,66
307,66
304,66
297,66
256,66
249,66
219,66
203,66
199,66
87,66
83,66
69,66
68,66
53,66
52,66
568,65
567,65
566,65
565,65
564,65
563,65
561,65
560,65
559,65
558,65
542,65
528,65
512,65
511,65
445,65
430,65
429,65
419,65
416,65
406,65
365,65
362,65
361,65
356,65
355,65
316,65
307,65
304,65
297,65
256,65
249,65
218,65
203,65
199,65
87,65
83,65
70,65
69,65
52,65
51,65
562,64
542,64
528,64
512,64
445,64
429,64
419,64
416,64
406,64
365,64
361,64
360,64
355,64
354,64
316,64
315,64
307,64
304,64
298,64
256,64
249,64
218,64
217,64
203,64
199,64
87,64
83,64
70,64
51,64
50,64
49,64
542,63
528,63
522,63
513,63
512,63
446,63
429,63
428,63
419,63
415,63
406,63
366,63
360,63
354,63
353,63
352,63
315,63
307,63
304,63
298,63
257,63
249,63
217,63
203,63
199,63
87,63
83,63
71,63
70,63
49,63
542,62
528,62
521,62
514,62
513,62
446,62
428,62
419,62
415,62
407,62
366,62
360,62
359,62
352,62
351,62
315,62
314,62
307,62
304,62
298,62
257,62
249,62
217,62
216,62
203,62
199,62
179,62
178,62
177,62
176,62
175,62
174,62
173,62
172,62
171,62
87,62
83,62
71,62
49,62
48,62
543,61
528,61
522,61
521,61
515,61
514,61
446,61
428,61
427,61
419,61
415,61
407,61
366,61
359,61
358,61
351,61
350,61
349,61
314,61
307,61
304,61
299,61
257,61
249,61
216,61
203,61
200,61
182,61
181,61
180,61
170,61
169,61
168,61
87,61
83,61
72,61
71,61
48,61
47,61
46,61
45,61
44,61
43,61
543,60
537,60
536,60
528,60
523,60
522,60
516,60
515,60
446,60
427,60
419,60
415,60
408,60
367,60
358,60
357,60
349,60
348,60
314,60
313,60
307,60
303,60
299,60
258,60
249,60
216,60
203,60
200,60
184,60
183,60
182,60
168,60
167,60
87,60
83,60
73,60
72,60
42,60
41,60
40,60
39,60
38,60
543,59
538,59
536,59
535,59
528,59
527,59
525,59
524,59
516,59
446,59
427,59
426,59
419,59
415,59
408,59
368,59
367,59
357,59
348,59
347,59
313,59
307,59
303,59
299,59
259,59
258,59
248,59
215,59
204,59
200,59
185,59
184,59
167,59
166,59
87,59
83,59
73,59
38,59
37,59
543,58
539,58
535,58
534,58
533,58
529,58
527,58
526,58
518,58
517,58
516,58
446,58
426,58
419,58
415,58
408,58
368,58
357,58
356,58
347,58
346,58
313,58
307,58
303,58
300,58
259,58
248,58
215,58
204,58
200,58
187,58
186,58
185,58
166,58
165,58
87,58
83,58
74,58
73,58
37,58
36,58
543,57
539,57
533,57
532,57
519,57
518,57
446,57
426,57
425,57
419,57
415,57
409,57
369,57
368,57
356,57
355,57
346,57
345,57
312,57
307,57
303,57
300,57
259,57
248,57
215,57
204,57
200,57
188,57
187,57
165,57
87,57
83,57
75,57
74,57
36,57
543,56
539,56
532,56
531,56
521,56
520,56
519,56
446,56
425,56
419,56
415,56
409,56
369,56
355,56
345,56
344,56
312,56
307,56
303,56
300,56
274,56
260,56
259,56
248,56
214,56
204,56
200,56
189,56
188,56
165,56
164,56
87,56
83,56
75,56
36,56
543,55
539,55
531,55
530,55
529,55
528,55
527,55
526,55
525,55
524,55
523,55
522,55
446,55
425,55
419,55
415,55
409,55
370,55
369,55
355,55
354,55
344,55
343,55
342,55
312,55
306,55
303,55
300,55
275,55
274,55
260,55
248,55
214,55
204,55
200,55
190,55
189,55
164,55
163,55
87,55
83,55
76,55
75,55
35,55
543,54
539,54
446,54
425,54
424,54
419,54
415,54
410,54
371,54
370,54
354,54
353,54
342,54
341,54
340,54
311,54
306,54
303,54
300,54
277,54
276,54
275,54
260,54
247,54
214,54
204,54
200,54
191,54
190,54
163,54
87,54
83,54
77,54
76,54
35,54
543,53
539,53
445,53
424,53
419,53
415,53
410,53
371,53
353,53
352,53
340,53
339,53
311,53
306,53
303,53
300,53
278,53
277,53
261,53
247,53
213,53
204,53
200,53
191,53
163,53
162,53
87,53
83,53
77,53
35,53
543,52
539,52
445,52
424,52
419,52
415,52
410,52
372,52
371,52
352,52
338,52
337,52
310,52
306,52
303,52
301,52
279,52
278,52
261,52
247,52
246,52
213,52
204,52
200,52
192,52
191,52
162,52
161,52
87,52
83,52
78,52
77,52
35,52
34,52
543,51
539,51
445,51
423,51
419,51
415,51
411,51
372,51
352,51
351,51
336,51
335,51
334,51
310,51
306,51
303,51
301,51
280,51
279,51
262,51
261,51
246,51
213,51
204,51
200,51
193,51
192,51
161,51
87,51
83,51
78,51
34,51
33,51
32,51
543,50
539,50
445,50
423,50
418,50
415,50
411,50
372,50
351,50
350,50
333,50
332,50
310,50
306,50
303,50
301,50
282,50
281,50
280,50
262,50
246,50
212,50
204,50
200,50
193,50
161,50
160,50
87,50
83,50
79,50
78,50
32,50
543,49
539,49
445,49
422,49
418,49
415,49
411,49
373,49
372,49
350,49
349,49
331,49
330,49
309,49
306,49
303,49
301,49
283,49
282,49
263,49
262,49
246,49
245,49
212,49
204,49
200,49
194,49
193,49
160,49
87,49
83,49
79,49
31,49
543,48
539,48
445,48
422,48
418,48
415,48
412,48
373,48
349,48
348,48
329,48
328,48
309,48
306,48
301,48
285,48
284,48
283,48
263,48
245,48
212,48
211,48
204,48
200,48
194,48
160,48
87,48
83,48
80,48
79,48
32,48
543,47
539,47
444,47
422,47
418,47
415,47
412,47
374,47
373,47
348,47
347,47
327,47
326,47
325,47
309,47
306,47
301,47
286,47
285,47
263,47
245,47
244,47
211,47
204,47
200,47
195,47
194,47
159,47
87,47
83,47
80,47
32,47
543,46
539,46
444,46
422,46
421,46
418,46
415,46
412,46
375,46
374,46
347,46
325,46
324,46
323,46
309,46
305,46
302,46
301,46
288,46
287,46
286,46
264,46
244,46
211,46
210,46
204,46
200,46
195,46
159,46
111,46
110,46
109,46
108,46
107,46
106,46
105,46
86,46
83,46
81,46
80,46
32,46
543,45
539,45
444,45
421,45
418,45
415,45
413,45
412,45
375,45
347,45
346,45
323,45
322,45
321,45
308,45
305,45
302,45
290,45
289,45
288,45
264,45
244,45
243,45
210,45
209,45
204,45
200,45
195,45
159,45
114,45
113,45
112,45
104,45
103,45
86,45
83,45
81,45
32,45
543,44
539,44
444,44
421,44
420,44
418,44
415,44
413,44
376,44
375,44
346,44
345,44
320,44
319,44
318,44
308,44
305,44
302,44
291,44
290,44
264,44
243,44
209,44
204,44
200,44
196,44
159,44
116,44
115,44
114,44
103,44
102,44
101,44
86,44
33,44
543,43
539,43
444,43
420,43
418,43
415,43
413,43
376,43
345,43
318,43
317,43
316,43
308,43
305,43
302,43
293,43
292,43
291,43
287,43
286,43
265,43
243,43
242,43
209,43
208,43
204,43
200,43
196,43
158,43
119,43
118,43
117,43
116,43
101,43
100,43
99,43
86,43
33,43
543,42
539,42
444,42
420,42
419,42
418,42
415,42
413,42
377,42
376,42
345,42
344,42
316,42
315,42
307,42
304,42
295,42
294,42
293,42
289,42
288,42
287,42
265,42
242,42
208,42
207,42
204,42
200,42
197,42
196,42
158,42
121,42
120,42
119,42
99,42
98,42
86,42
34,42
33,42
543,41
539,41
443,41
378,41
377,41
344,41
343,41
315,41
314,41
313,41
307,41
304,41
297,41
296,41
295,41
290,41
266,41
265,41
242,41
241,41
207,41
206,41
204,41
200,41
197,41
158,41
123,41
122,41
121,41
98,41
97,41
86,41
35,41
34,41
543,40
539,40
443,40
379,40
378,40
343,40
313,40
312,40
307,40
303,40
299,40
298,40
297,40
292,40
291,40
266,40
241,40
240,40
206,40
204,40
200,40
197,40
158,40
124,40
123,40
97,40
96,40
86,40
35,40
543,39
539,39
443,39
380,39
379,39
343,39
342,39
316,39
312,39
311,39
310,39
307,39
306,39
304,39
302,39
301,39
300,39
299,39
294,39
293,39
292,39
267,39
266,39
240,39
239,39
206,39
201,39
198,39
197,39
158,39
126,39
125,39
124,39
96,39
95,39
86,39
36,39
35,39
543,38
539,38
443,38
381,38
380,38
342,38
341,38
315,38
310,38
309,38
306,38
304,38
302,38
296,38
295,38
294,38
267,38
239,38
205,38
201,38
198,38
158,38
129,38
128,38
127,38
95,38
86,38
37,38
36,38
543,37
539,37
442,37
382,37
381,37
341,37
314,37
313,37
309,37
308,37
307,37
306,37
305,37
298,37
297,37
268,37
267,37
239,37
238,37
201,37
198,37
158,37
134,37
133,37
132,37
131,37
130,37
95,37
94,37
86,37
38,37
37,37
543,36
539,36
442,36
409,36
408,36
407,36
406,36
405,36
384,36
383,36
382,36
341,36
340,36
312,36
308,36
305,36
301,36
300,36
299,36
268,36
238,36
237,36
201,36
199,36
198,36
158,36
137,36
136,36
135,36
94,36
93,36
86,36
40,36
39,36
38,36
543,35
539,35
442,35
420,35
419,35
412,35
411,35
410,35
404,35
403,35
402,35
401,35
387,35
386,35
385,35
340,35
339,35
311,35
310,35
305,35
302,35
301,35
269,35
268,35
237,35
236,35
235,35
201,35
199,35
159,35
140,35
139,35
138,35
93,35
86,35
80,35
79,35
78,35
43,35
42,35
41,35
40,35
543,34
539,34
442,34
421,34
420,34
418,34
413,34
412,34
400,34
399,34
398,34
397,34
396,34
395,34
394,34
393,34
392,34
391,34
390,34
389,34
388,34
339,34
309,34
308,34
305,34
302,34
269,34
235,34
234,34
201,34
199,34
159,34
141,34
140,34
93,34
92,34
87,34
83,34
82,34
81,34
77,34
76,34
75,34
74,34
45,34
44,34
43,34
543,33
539,33
441,33
422,33
421,33
418,33
414,33
413,33
339,33
338,33
307,33
306,33
302,33
270,33
269,33
234,33
233,33
199,33
159,33
141,33
92,33
91,33
87,33
83,33
73,33
72,33
71,33
70,33
69,33
46,33
45,33
543,32
539,32
441,32
422,32
418,32
414,32
338,32
305,32
271,32
270,32
233,32
232,32
231,32
207,32
200,32
159,32
142,32
141,32
91,32
87,32
83,32
68,32
67,32
66,32
65,32
64,32
49,32
48,32
47,32
543,31
539,31
441,31
423,31
422,31
417,31
414,31
338,31
337,31
305,31
304,31
300,31
299,31
271,31
230,31
229,31
228,31
210,31
209,31
208,31
206,31
205,31
160,31
159,31
142,31
91,31
90,31
87,31
83,31
63,31
62,31
61,31
60,31
50,31
49,31
568,30
567,30
566,30
565,30
564,30
563,30
543,30
539,30
440,30
423,30
417,30
414,30
337,30
336,30
301,30
299,30
272,30
271,30
228,30
227,30
226,30
213,30
212,30
211,30
205,30
204,30
161,30
160,30
142,30
90,30
89,30
87,30
83,30
59,30
58,30
57,30
56,30
55,30
54,30
53,30
52,30
51,30
571,29
570,29
569,29
563,29
562,29
561,29
543,29
539,29
440,29
424,29
423,29
417,29
414,29
336,29
335,29
308,29
307,29
306,29
305,29
301,29
299,29
298,29
273,29
272,29
226,29
225,29
215,29
214,29
204,29
163,29
162,29
161,29
142,29
87,29
83,29
574,28
573,28
572,28
571,28
561,28
560,28
543,28
539,28
440,28
439,28
425,28
424,28
417,28
414,28
335,28
334,28
333,28
311,28
310,28
309,28
305,28
301,28
298,28
297,28
274,28
273,28
224,28
223,28
222,28
221,28
220,28
219,28
218,28
217,28
216,28
204,28
163,28
142,28
83,28
584,27
583,27
582,27
581,27
579,27
578,27
577,27
576,27
575,27
560,27
559,27
543,27
539,27
439,27
425,27
417,27
414,27
333,27
332,27
314,27
313,27
312,27
305,27
301,27
297,27
275,27
274,27
204,27
163,27
142,27
84,27
586,26
585,26
584,26
580,26
559,26
558,26
543,26
539,26
439,26
438,26
426,26
425,26
417,26
414,26
332,26
331,26
330,26
316,26
315,26
305,26
301,26
297,26
296,26
276,26
275,26
204,26
200,26
199,26
198,26
197,26
163,26
142,26
84,26
588,25
587,25
586,25
558,25
557,25
543,25
539,25
438,25
437,25
427,25
426,25
417,25
414,25
330,25
329,25
328,25
327,25
318,25
317,25
316,25
304,25
301,25
296,25
295,25
277,25
276,25
204,25
201,25
200,25
197,25
196,25
195,25
163,25
142,25
84,25
589,24
588,24
557,24
556,24
543,24
539,24
437,24
436,24
428,24
427,24
417,24
414,24
326,24
325,24
324,24
323,24
322,24
321,24
320,24
319,24
304,24
301,24
295,24
294,24
278,24
277,24
204,24
201,24
195,24
194,24
164,24
142,24
84,24
589,23
556,23
555,23
543,23
539,23
436,23
435,23
429,23
428,23
417,23
413,23
304,23
300,23
294,23
293,23
292,23
279,23
278,23
204,23
201,23
194,23
193,23
164,23
141,23
84,23
589,22
555,22
543,22
539,22
435,22
434,22
433,22
431,22
430,22
429,22
417,22
413,22
304,22
300,22
292,22
291,22
280,22
279,22
204,22
201,22
193,22
192,22
164,22
141,22
84,22
589,21
554,21
543,21
539,21
533,21
532,21
531,21
530,21
529,21
528,21
432,21
417,21
413,21
304,21
300,21
290,21
289,21
288,21
282,21
281,21
280,21
204,21
201,21
192,21
191,21
165,21
164,21
141,21
140,21
84,21
589,20
554,20
553,20
543,20
539,20
534,20
533,20
527,20
526,20
525,20
417,20
413,20
304,20
300,20
287,20
286,20
285,20
284,20
283,20
204,20
201,20
191,20
190,20
189,20
166,20
165,20
140,20
139,20
84,20
589,19
553,19
552,19
543,19
539,19
535,19
534,19
525,19
524,19
523,19
417,19
413,19
304,19
300,19
204,19
201,19
189,19
188,19
167,19
166,19
139,19
89,19
84,19
589,18
552,18
551,18
543,18
539,18
536,18
535,18
523,18
522,18
521,18
417,18
413,18
304,18
300,18
204,18
201,18
188,18
187,18
186,18
168,18
167,18
138,18
92,18
91,18
90,18
88,18
87,18
84,18
589,17
551,17
550,17
543,17
539,17
537,17
536,17
521,17
520,17
519,17
518,17
417,17
413,17
303,17
300,17
204,17
201,17
186,17
185,17
184,17
170,17
169,17
168,17
138,17
137,17
94,17
93,17
92,17
87,17
84,17
589,16
550,16
543,16
539,16
537,16
518,16
517,16
417,16
413,16
303,16
300,16
204,16
201,16
183,16
182,16
172,16
171,16
170,16
137,16
136,16
95,16
94,16
87,16
84,16
589,15
550,15
549,15
543,15
538,15
537,15
517,15
516,15
417,15
413,15
303,15
300,15
204,15
201,15
181,15
180,15
179,15
178,15
177,15
176,15
175,15
174,15
173,15
136,15
135,15
96,15
95,15
87,15
84,15
589,14
549,14
543,14
538,14
516,14
515,14
417,14
413,14
303,14
300,14
204,14
201,14
135,14
134,14
97,14
96,14
87,14
84,14
588,13
549,13
548,13
543,13
539,13
538,13
515,13
514,13
416,13
413,13
303,13
300,13
204,13
201,13
134,13
133,13
98,13
97,13
87,13
84,13
588,12
548,12
542,12
538,12
514,12
513,12
416,12
413,12
303,12
299,12
204,12
201,12
133,12
99,12
98,12
87,12
84,12
588,11
548,11
547,11
542,11
538,11
534,11
513,11
512,11
416,11
413,11
303,11
299,11
204,11
201,11
133,11
132,11
100,11
99,11
87,11
84,11
588,10
547,10
546,10
542,10
538,10
537,10
534,10
512,10
511,10
416,10
413,10
303,10
299,10
204,10
201,10
132,10
131,10
102,10
101,10
100,10
87,10
84,10
587,9
546,9
545,9
542,9
537,9
536,9
535,9
534,9
511,9
510,9
509,9
508,9
416,9
413,9
303,9
299,9
204,9
201,9
131,9
130,9
103,9
102,9
87,9
84,9
587,8
545,8
542,8
536,8
507,8
506,8
505,8
416,8
413,8
303,8
299,8
204,8
201,8
130,8
129,8
104,8
103,8
87,8
84,8
586,7
545,7
542,7
505,7
504,7
416,7
413,7
303,7
299,7
204,7
201,7
129,7
128,7
105,7
104,7
87,7
84,7
586,6
544,6
542,6
504,6
503,6
416,6
413,6
302,6
299,6
204,6
201,6
128,6
127,6
107,6
106,6
105,6
87,6
84,6
586,5
585,5
544,5
542,5
503,5
502,5
416,5
413,5
302,5
299,5
204,5
201,5
127,5
126,5
108,5
107,5
87,5
84,5
585,4
542,4
539,4
538,4
537,4
502,4
416,4
413,4
302,4
299,4
204,4
201,4
126,4
125,4
109,4
108,4
87,4
84,4
585,3
584,3
542,3
539,3
537,3
536,3
502,3
416,3
413,3
302,3
299,3
204,3
201,3
125,3
124,3
110,3
109,3
87,3
84,3
53,3
52,3
51,3
50,3
49,3
584,2
539,2
536,2
501,2
416,2
413,2
302,2
299,2
204,2
201,2
124,2
123,2
114,2
113,2
112,2
111,2
87,2
84,2
54,2
53,2
48,2
47,2
46,2
45,2
44,2
43,2
584,1
539,1
536,1
501,1
416,1
412,1
302,1
298,1
204,1
201,1
123,1
87,1
84,1
53,1
44,1
